"Data Source","World Development Indicators",

"Last Updated Date","2022-12-22",

"Country Name","Country Code","Indicator Name","Indicator Code","1960","1961","1962","1963","1964","1965","1966","1967","1968","1969","1970","1971","1972","1973","1974","1975","1976","1977","1978","1979","1980","1981","1982","1983","1984","1985","1986","1987","1988","1989","1990","1991","1992","1993","1994","1995","1996","1997","1998","1999","2000","2001","2002","2003","2004","2005","2006","2007","2008","2009","2010","2011","2012","2013","2014","2015","2016","2017","2018","2019","2020","2021",
"Aruba","ABW","Energy intensity level of primary energy (MJ/$2017 PPP GDP)","EG.EGY.PRIM.PP.KD","","","","","","","","","","","","","","","","","","","","","","","","","","","","","","","","","","","","","","","","","14.38","14.94","15.55","15.73","14.76","14.93","14.77","14.94","14.36","15.96","16.21","15.62","6.83","3.34","3.38","3.28","3.16","3.13","3.07","3.2","","",
"Africa Eastern and Southern","AFE","Energy intensity level of primary energy (MJ/$2017 PPP GDP)","EG.EGY.PRIM.PP.KD","","","","","","","","","","","","","","","","","","","","","","","","","","","","","","","","","","","","","","","","","","","","","","","","","","","","","","","","","","","","","","",
"Afghanistan","AFG","Energy intensity level of primary energy (MJ/$2017 PPP GDP)","EG.EGY.PRIM.PP.KD","","","","","","","","","","","","","","","","","","","","","","","","","","","","","","","","","","","","","","","","","1.64","1.74","1.4","1.4","1.2","1.41","1.5","1.53","1.94","2.25","2.46","3.23","2.61","2.46","2.25","2.37","2.24","2.3","2.44","2.41","","",
"Africa Western and Central","AFW","Energy intensity level of primary energy (MJ/$2017 PPP GDP)","EG.EGY.PRIM.PP.KD","","","","","","","","","","","","","","","","","","","","","","","","","","","","","","","","","","","","","","","","","","","","","","","","","","","","","","","","","","","","","","",
"Angola","AGO","Energy intensity level of primary energy (MJ/$2017 PPP GDP)","EG.EGY.PRIM.PP.KD","","","","","","","","","","","","","","","","","","","","","","","","","","","","","","","","","","","","","","","","","3.68","3.65","3.34","3.49","3.17","2.6","2.62","2.5","2.48","2.71","2.61","2.62","2.71","2.6","3.28","2.86","2.61","2.51","2.95","2.94","","",
"Albania","ALB","Energy intensity level of primary energy (MJ/$2017 PPP GDP)","EG.EGY.PRIM.PP.KD","","","","","","","","","","","","","","","","","","","","","","","","","","","","","","","","","","","","","","","","","4.13","3.89","4.1","3.8","3.96","3.75","3.46","3.12","3.01","2.98","2.85","2.91","2.57","2.96","2.93","2.69","2.68","2.69","2.57","2.5","","",
"Andorra","AND","Energy intensity level of primary energy (MJ/$2017 PPP GDP)","EG.EGY.PRIM.PP.KD","","","","","","","","","","","","","","","","","","","","","","","","","","","","","","","","","","","","","","","","","","","","","","","","","","","","","","","","","","","","","","",
"Arab World","ARB","Energy intensity level of primary energy (MJ/$2017 PPP GDP)","EG.EGY.PRIM.PP.KD","","","","","","","","","","","","","","","","","","","","","","","","","","","","","","","","","","","","","","","","","","","","","","","","","","","","","","","","","","","","","","",
"United Arab Emirates","ARE","Energy intensity level of primary energy (MJ/$2017 PPP GDP)","EG.EGY.PRIM.PP.KD","","","","","","","","","","","","","","","","","","","","","","","","","","","","","","","","","","","","","","","","","4.08","5.6","5.4","4.88","4.4","4.47","4.23","4.45","5.1","5.76","5.48","5.03","5.11","5.13","5.4","5.56","5.96","4.54","4.11","3.36","","",
"Argentina","ARG","Energy intensity level of primary energy (MJ/$2017 PPP GDP)","EG.EGY.PRIM.PP.KD","","","","","","","","","","","","","","","","","","","","","","","","","","","","","","","","","","","","","","","","","3.69","3.59","3.99","3.97","4.04","3.68","3.58","3.44","3.42","3.35","3.26","3.18","3.3","3.31","3.4","3.36","3.41","3.32","3.31","3.35","","",
"Armenia","ARM","Energy intensity level of primary energy (MJ/$2017 PPP GDP)","EG.EGY.PRIM.PP.KD","","","","","","","","","","","","","","","","","","","","","","","","","","","","","","","","","","","","","","","","","6.79","6.17","5.1","4.72","4.52","4.76","4.28","4.2","4.13","4.18","3.89","4.06","4.15","3.92","4.11","4.12","3.93","3.86","3.51","3.53","","",
"American Samoa","ASM","Energy intensity level of primary energy (MJ/$2017 PPP GDP)","EG.EGY.PRIM.PP.KD","","","","","","","","","","","","","","","","","","","","","","","","","","","","","","","","","","","","","","","","","","","","","","","","","","","","","","","","","","","","","","",
"Antigua and Barbuda","ATG","Energy intensity level of primary energy (MJ/$2017 PPP GDP)","EG.EGY.PRIM.PP.KD","","","","","","","","","","","","","","","","","","","","","","","","","","","","","","","","","","","","","","","","","3.13","3.31","3.59","3.63","3.57","3.4","3.12","3.02","3.08","3.7","4.05","4.08","4.08","4.13","4.01","3.98","3.85","3.73","3.57","3.45","","",
"Australia","AUS","Energy intensity level of primary energy (MJ/$2017 PPP GDP)","EG.EGY.PRIM.PP.KD","","","","","","","","","","","","","","","","","","","","","","","","","","","","","","","","","","","","","","","","","6.16","5.91","5.89","5.78","5.65","5.52","5.58","5.52","5.53","5.43","5.33","5.23","4.98","4.93","4.78","4.67","4.54","4.49","4.39","4.3","","",
"Austria","AUT","Energy intensity level of primary energy (MJ/$2017 PPP GDP)","EG.EGY.PRIM.PP.KD","","","","","","","","","","","","","","","","","","","","","","","","","","","","","","","","","","","","","","","","","3.22","3.36","3.33","3.48","3.44","3.47","3.38","3.2","3.18","3.14","3.29","3.1","3.07","3.1","2.97","3.01","2.98","2.97","2.81","2.82","","",
"Azerbaijan","AZE","Energy intensity level of primary energy (MJ/$2017 PPP GDP)","EG.EGY.PRIM.PP.KD","","","","","","","","","","","","","","","","","","","","","","","","","","","","","","","","","","","","","","","","","14.46","13.33","12.31","11.74","11.3","9.28","6.8","5.13","5.15","4.21","3.82","4.2","4.47","4.28","4.3","4.26","4.35","4.37","4.32","4.61","","",
"Burundi","BDI","Energy intensity level of primary energy (MJ/$2017 PPP GDP)","EG.EGY.PRIM.PP.KD","","","","","","","","","","","","","","","","","","","","","","","","","","","","","","","","","","","","","","","","","10.37","10.52","10.07","10.05","9.66","9.48","9.05","8.83","8.45","8.03","7.93","7.77","7.41","7.42","7.08","7.38","7.56","7.62","7.71","7.62","","",
"Belgium","BEL","Energy intensity level of primary energy (MJ/$2017 PPP GDP)","EG.EGY.PRIM.PP.KD","","","","","","","","","","","","","","","","","","","","","","","","","","","","","","","","","","","","","","","","","5.51","5.41","5.15","5.32","5.15","5.01","4.82","4.56","4.68","4.58","4.81","4.4","4.19","4.34","4.03","3.94","4.12","4.04","3.82","3.87","","",
"Benin","BEN","Energy intensity level of primary energy (MJ/$2017 PPP GDP)","EG.EGY.PRIM.PP.KD","","","","","","","","","","","","","","","","","","","","","","","","","","","","","","","","","","","","","","","","","4.88","4.93","5.05","5.15","5.15","5.08","5.76","5.91","5.76","5.91","6","5.82","5.61","5.71","5.54","5.79","6.22","6.11","6.05","5.69","","",
"Burkina Faso","BFA","Energy intensity level of primary energy (MJ/$2017 PPP GDP)","EG.EGY.PRIM.PP.KD","","","","","","","","","","","","","","","","","","","","","","","","","","","","","","","","","","","","","","","","","5.49","5.15","4.21","4.03","4.8","5.55","5.6","5.72","5.72","5.66","5.42","5.2","5.15","5.04","4.91","4.94","4.76","4.72","4.6","4.49","","",
"Bangladesh","BGD","Energy intensity level of primary energy (MJ/$2017 PPP GDP)","EG.EGY.PRIM.PP.KD","","","","","","","","","","","","","","","","","","","","","","","","","","","","","","","","","","","","","","","","","3.14","3.27","3.23","3.2","3.1","3.05","3.05","2.98","2.94","2.94","2.93","2.85","2.77","2.73","2.66","2.69","2.61","2.5","2.3","2.36","","",
"Bulgaria","BGR","Energy intensity level of primary energy (MJ/$2017 PPP GDP)","EG.EGY.PRIM.PP.KD","","","","","","","","","","","","","","","","","","","","","","","","","","","","","","","","","","","","","","","","","9.34","9.38","8.63","8.41","7.68","7.58","7.31","6.73","6.26","5.68","5.75","6.04","5.76","5.31","5.47","5.48","5.15","5.14","4.98","4.74","","",
"Bahrain","BHR","Energy intensity level of primary energy (MJ/$2017 PPP GDP)","EG.EGY.PRIM.PP.KD","","","","","","","","","","","","","","","","","","","","","","","","","","","","","","","","","","","","","","","","","10.43","10.41","10.45","10.3","9.83","10.55","10.36","10.31","10.35","9.7","9.59","9.42","8.64","9.54","8.77","9.05","8.62","8.33","8.27","8.73","","",
"Bahamas, The","BHS","Energy intensity level of primary energy (MJ/$2017 PPP GDP)","EG.EGY.PRIM.PP.KD","","","","","","","","","","","","","","","","","","","","","","","","","","","","","","","","","","","","","","","","","2.33","2.19","2.23","2.32","2.27","2.1","2","2","2.08","2.23","2.14","2.35","2.5","2.98","2.65","2.33","2.12","2.18","2.72","2.53","","",
"Bosnia and Herzegovina","BIH","Energy intensity level of primary energy (MJ/$2017 PPP GDP)","EG.EGY.PRIM.PP.KD","","","","","","","","","","","","","","","","","","","","","","","","","","","","","","","","","","","","","","","","","6.82","6.31","6.29","6.04","6.22","5.99","5.98","5.65","6.02","6.48","6.7","7.31","6.9","6.51","5.98","5.97","6.33","6.12","6.54","6.14","","",
"Belarus","BLR","Energy intensity level of primary energy (MJ/$2017 PPP GDP)","EG.EGY.PRIM.PP.KD","","","","","","","","","","","","","","","","","","","","","","","","","","","","","","","","","","","","","","","","","12.85","12.33","11.96","11.5","10.66","9.74","9.42","8.5","7.72","7.29","7.01","7.06","7.24","6.39","6.4","6.07","6.18","6.14","6.29","5.97","","",
"Belize","BLZ","Energy intensity level of primary energy (MJ/$2017 PPP GDP)","EG.EGY.PRIM.PP.KD","","","","","","","","","","","","","","","","","","","","","","","","","","","","","","","","","","","","","","","","","6.7","6.75","6.33","5.66","5.39","5.21","5.45","5.4","4.9","5.32","5.44","6.31","5.45","5.03","4.9","5.84","5.75","5.92","5.69","6.12","","",
"Bermuda","BMU","Energy intensity level of primary energy (MJ/$2017 PPP GDP)","EG.EGY.PRIM.PP.KD","","","","","","","","","","","","","","","","","","","","","","","","","","","","","","","","","","","","","","","","","1.52","1.45","1.54","1.5","1.51","1.48","1.56","1.67","1.51","1.21","1.54","1.2","1.08","1.52","1.95","1.59","1.83","1.77","1.97","1.65","","",
"Bolivia","BOL","Energy intensity level of primary energy (MJ/$2017 PPP GDP)","EG.EGY.PRIM.PP.KD","","","","","","","","","","","","","","","","","","","","","","","","","","","","","","","","","","","","","","","","","3.53","3.41","3.32","3.74","3.67","3.8","3.78","3.94","3.89","3.91","4.05","4.17","4.13","4.11","4.17","4.08","4.13","4.09","3.99","3.82","","",
"Brazil","BRA","Energy intensity level of primary energy (MJ/$2017 PPP GDP)","EG.EGY.PRIM.PP.KD","","","","","","","","","","","","","","","","","","","","","","","","","","","","","","","","","","","","","","","","","3.88","3.9","3.89","3.91","3.9","3.88","3.86","3.84","3.86","3.74","3.85","3.75","3.82","3.88","3.98","4.05","4.03","4.05","3.93","3.93","","",
"Barbados","BRB","Energy intensity level of primary energy (MJ/$2017 PPP GDP)","EG.EGY.PRIM.PP.KD","","","","","","","","","","","","","","","","","","","","","","","","","","","","","","","","","","","","","","","","","3.83","4.01","3.91","3.92","3.97","3.97","3.84","3.81","4.52","4.81","4.57","4.61","4.53","4.51","3.98","3.87","3.86","3.55","3.87","3.54","","",
"Brunei Darussalam","BRN","Energy intensity level of primary energy (MJ/$2017 PPP GDP)","EG.EGY.PRIM.PP.KD","","","","","","","","","","","","","","","","","","","","","","","","","","","","","","","","","","","","","","","","","4.34","3.91","3.68","4.15","3.79","3.65","4.96","5.07","5.68","4.97","5.15","5.94","5.82","4.72","5.66","4.34","4.91","5.87","5.85","6.35","","",
"Bhutan","BTN","Energy intensity level of primary energy (MJ/$2017 PPP GDP)","EG.EGY.PRIM.PP.KD","","","","","","","","","","","","","","","","","","","","","","","","","","","","","","","","","","","","","","","","","18.42","17.29","15.99","14.96","14.15","13.61","12.99","11.3","11.12","10.69","10.11","9.47","9.51","9.41","9.32","8.7","8.3","8.06","8.22","7.91","","",
"Botswana","BWA","Energy intensity level of primary energy (MJ/$2017 PPP GDP)","EG.EGY.PRIM.PP.KD","","","","","","","","","","","","","","","","","","","","","","","","","","","","","","","","","","","","","","","","","4","4.04","3.86","3.68","3.69","3.64","3.47","3.28","3.24","3.25","3.25","2.91","3.14","2.97","3.11","3.15","2.89","2.98","2.76","2.69","","",
"Central African Republic","CAF","Energy intensity level of primary energy (MJ/$2017 PPP GDP)","EG.EGY.PRIM.PP.KD","","","","","","","","","","","","","","","","","","","","","","","","","","","","","","","","","","","","","","","","","7.73","7.55","7.38","7.93","7.65","7.74","7.59","7.47","7.33","6.89","6.76","6.68","6.25","9.3","9.55","9.4","9.12","8.8","8.56","8.39","","",
"Canada","CAN","Energy intensity level of primary energy (MJ/$2017 PPP GDP)","EG.EGY.PRIM.PP.KD","","","","","","","","","","","","","","","","","","","","","","","","","","","","","","","","","","","","","","","","","9.31","9.04","8.77","8.89","8.77","8.46","8.25","7.71","7.44","7.37","7.16","7.09","7.03","7.01","6.99","6.91","7.1","7.17","7.1","6.94","","",
"Central Europe and the Baltics","CEB","Energy intensity level of primary energy (MJ/$2017 PPP GDP)","EG.EGY.PRIM.PP.KD","","","","","","","","","","","","","","","","","","","","","","","","","","","","","","","","","","","","","","","","","","","","","","","","","","","","","","","","","","","","","","",
"Switzerland","CHE","Energy intensity level of primary energy (MJ/$2017 PPP GDP)","EG.EGY.PRIM.PP.KD","","","","","","","","","","","","","","","","","","","","","","","","","","","","","","","","","","","","","","","","","2.44","2.55","2.49","2.5","2.44","2.36","2.37","2.16","2.19","2.25","2.11","2","2","2.05","1.87","1.8","1.72","1.7","1.66","1.68","","",
"Channel Islands","CHI","Energy intensity level of primary energy (MJ/$2017 PPP GDP)","EG.EGY.PRIM.PP.KD","","","","","","","","","","","","","","","","","","","","","","","","","","","","","","","","","","","","","","","","","","","","","","","","","","","","","","","","","","","","","","",
"Chile","CHL","Energy intensity level of primary energy (MJ/$2017 PPP GDP)","EG.EGY.PRIM.PP.KD","","","","","","","","","","","","","","","","","","","","","","","","","","","","","","","","","","","","","","","","","4.39","4.17","4.19","4.07","4.04","3.94","3.86","3.81","3.65","3.61","3.56","3.66","3.84","3.82","3.39","3.39","3.54","3.55","3.49","3.66","","",
"China","CHN","Energy intensity level of primary energy (MJ/$2017 PPP GDP)","EG.EGY.PRIM.PP.KD","","","","","","","","","","","","","","","","","","","","","","","","","","","","","","","","","","","","","","","","","10.85","10.36","10.12","10.48","10.83","10.72","10.41","9.81","9.18","8.95","8.93","8.75","8.41","8.05","7.69","7.21","6.71","6.51","6.39","6.31","","",
"Cote d'Ivoire","CIV","Energy intensity level of primary energy (MJ/$2017 PPP GDP)","EG.EGY.PRIM.PP.KD","","","","","","","","","","","","","","","","","","","","","","","","","","","","","","","","","","","","","","","","","4.22","4.05","4.41","4.22","5.88","5.98","5.79","6.13","6","5.33","4.63","5.52","5.46","5.16","4.78","3.96","3.88","3.72","3.48","3.32","","",
"Cameroon","CMR","Energy intensity level of primary energy (MJ/$2017 PPP GDP)","EG.EGY.PRIM.PP.KD","","","","","","","","","","","","","","","","","","","","","","","","","","","","","","","","","","","","","","","","","6.23","6.04","6.1","6.07","5.86","5.79","5.17","4.65","4.53","4.8","4.68","4.71","4.7","4.67","4.78","4.77","4.65","4.53","4.43","4.33","","",
"Congo, Dem. Rep.","COD","Energy intensity level of primary energy (MJ/$2017 PPP GDP)","EG.EGY.PRIM.PP.KD","","","","","","","","","","","","","","","","","","","","","","","","","","","","","","","","","","","","","","","","","16.45","17.37","17.46","17.15","16.71","16.35","16.12","15.72","15.35","15.37","14.88","14.77","17.04","16.51","15.83","14.89","14.91","14.45","13.82","13.29","","",
"Congo, Rep.","COG","Energy intensity level of primary energy (MJ/$2017 PPP GDP)","EG.EGY.PRIM.PP.KD","","","","","","","","","","","","","","","","","","","","","","","","","","","","","","","","","","","","","","","","","2.16","2.33","2.25","2.63","2.71","2.71","3.27","3.11","3.13","3.21","3.18","4.14","4.31","4.57","4.24","4.62","5.39","5.64","6.12","6.55","","",
"Colombia","COL","Energy intensity level of primary energy (MJ/$2017 PPP GDP)","EG.EGY.PRIM.PP.KD","","","","","","","","","","","","","","","","","","","","","","","","","","","","","","","","","","","","","","","","","3","2.95","2.83","2.78","2.66","2.65","2.62","2.44","2.48","2.55","2.4","2.3","2.14","2.66","2.58","2.53","2.58","2.44","2.29","2.51","","",
"Comoros","COM","Energy intensity level of primary energy (MJ/$2017 PPP GDP)","EG.EGY.PRIM.PP.KD","","","","","","","","","","","","","","","","","","","","","","","","","","","","","","","","","","","","","","","","","2.66","2.68","2.65","2.88","2.97","2.87","3.02","2.57","2.51","2.65","2.78","2.58","2.59","2.72","2.57","2.66","2.79","3.06","3.12","3.19","","",
"Cabo Verde","CPV","Energy intensity level of primary energy (MJ/$2017 PPP GDP)","EG.EGY.PRIM.PP.KD","","","","","","","","","","","","","","","","","","","","","","","","","","","","","","","","","","","","","","","","","3.28","3.61","3.68","3.72","3.36","3.37","3.34","3.01","2.64","2.92","3.03","3.21","2.72","2.7","2.65","2.64","2.69","2.74","2.68","2.6","","",
"Costa Rica","CRI","Energy intensity level of primary energy (MJ/$2017 PPP GDP)","EG.EGY.PRIM.PP.KD","","","","","","","","","","","","","","","","","","","","","","","","","","","","","","","","","","","","","","","","","2.41","2.34","2.39","2.44","2.78","2.67","2.71","2.64","2.54","2.58","2.47","2.38","2.36","2.42","2.37","2.23","2.2","2.09","1.98","2.11","","",
"Caribbean small states","CSS","Energy intensity level of primary energy (MJ/$2017 PPP GDP)","EG.EGY.PRIM.PP.KD","","","","","","","","","","","","","","","","","","","","","","","","","","","","","","","","","","","","","","","","","","","","","","","","","","","","","","","","","","","","","","",
"Cuba","CUB","Energy intensity level of primary energy (MJ/$2017 PPP GDP)","EG.EGY.PRIM.PP.KD","","","","","","","","","","","","","","","","","","","","","","","","","","","","","","","","","","","","","","","","","3.46","3.28","3.01","2.89","2.67","2.27","2.02","1.79","1.83","1.75","1.85","1.74","1.73","1.6","1.61","1.57","1.54","1.45","1.37","1.27","","",
"Curacao","CUW","Energy intensity level of primary energy (MJ/$2017 PPP GDP)","EG.EGY.PRIM.PP.KD","","","","","","","","","","","","","","","","","","","","","","","","","","","","","","","","","","","","","","","","","22.21","23.25","22.73","21.63","22.84","21.84","21.2","23.47","21.97","22.67","20.15","21.81","19.93","19","21.71","22.26","19.09","15.87","14.39","8.34","","",
"Cayman Islands","CYM","Energy intensity level of primary energy (MJ/$2017 PPP GDP)","EG.EGY.PRIM.PP.KD","","","","","","","","","","","","","","","","","","","","","","","","","","","","","","","","","","","","","","","","","1.91","1.91","1.96","1.93","1.8","1.75","1.69","1.97","2.01","2.05","2.11","2.2","2","1.95","1.94","1.93","1.84","1.87","1.9","2.06","","",
"Cyprus","CYP","Energy intensity level of primary energy (MJ/$2017 PPP GDP)","EG.EGY.PRIM.PP.KD","","","","","","","","","","","","","","","","","","","","","","","","","","","","","","","","","","","","","","","","","3.92","3.73","3.65","3.87","3.46","3.36","3.34","3.35","3.44","3.44","3.25","3.15","3.06","2.83","2.95","2.93","2.94","2.88","2.74","2.67","","",
"Czechia","CZE","Energy intensity level of primary energy (MJ/$2017 PPP GDP)","EG.EGY.PRIM.PP.KD","","","","","","","","","","","","","","","","","","","","","","","","","","","","","","","","","","","","","","","","","6.74","6.71","6.69","6.74","6.58","6.11","5.85","5.53","5.28","5.21","5.39","5.1","5.11","5.11","4.85","4.61","4.44","4.41","4.28","4.12","","",
"Germany","DEU","Energy intensity level of primary energy (MJ/$2017 PPP GDP)","EG.EGY.PRIM.PP.KD","","","","","","","","","","","","","","","","","","","","","","","","","","","","","","","","","","","","","","","","","4","4.05","3.97","3.99","3.97","3.92","3.89","3.58","3.59","3.56","3.6","3.28","3.29","3.35","3.13","3.1","3.04","2.98","2.87","2.76","","",
"Djibouti","DJI","Energy intensity level of primary energy (MJ/$2017 PPP GDP)","EG.EGY.PRIM.PP.KD","","","","","","","","","","","","","","","","","","","","","","","","","","","","","","","","","","","","","","","","","6.03","5.95","6.1","6.13","5.83","5.74","5.1","5.2","5.26","4.52","4.36","3.63","3.3","2.98","2.49","2.42","2.23","2.17","2.02","1.89","","",
"Dominica","DMA","Energy intensity level of primary energy (MJ/$2017 PPP GDP)","EG.EGY.PRIM.PP.KD","","","","","","","","","","","","","","","","","","","","","","","","","","","","","","","","","","","","","","","","","2.46","2.63","2.54","2.67","3.06","3.02","2.88","3.39","2.82","2.83","2.99","2.77","2.99","3.07","3.05","3.12","3.12","3.02","2.94","2.97","","",
"Denmark","DNK","Energy intensity level of primary energy (MJ/$2017 PPP GDP)","EG.EGY.PRIM.PP.KD","","","","","","","","","","","","","","","","","","","","","","","","","","","","","","","","","","","","","","","","","2.99","3.06","3.01","3.17","2.99","2.83","2.93","2.83","2.78","2.78","2.89","2.64","2.53","2.5","2.32","2.27","2.25","2.19","2.14","2","","",
"Dominican Republic","DOM","Energy intensity level of primary energy (MJ/$2017 PPP GDP)","EG.EGY.PRIM.PP.KD","","","","","","","","","","","","","","","","","","","","","","","","","","","","","","","","","","","","","","","","","3.9","3.7","3.87","3.53","3.34","3.19","3.03","2.93","2.73","2.64","2.57","2.54","2.54","2.36","2.19","2.21","2.21","2.09","2.06","2.08","","",
"Algeria","DZA","Energy intensity level of primary energy (MJ/$2017 PPP GDP)","EG.EGY.PRIM.PP.KD","","","","","","","","","","","","","","","","","","","","","","","","","","","","","","","","","","","","","","","","","4.18","4.07","4.12","4.08","3.96","3.9","4.1","4.21","4.16","4.48","4.42","4.47","4.72","4.76","5","5.05","4.85","4.93","5.19","5.32","","",
"East Asia & Pacific (excluding high income)","EAP","Energy intensity level of primary energy (MJ/$2017 PPP GDP)","EG.EGY.PRIM.PP.KD","","","","","","","","","","","","","","","","","","","","","","","","","","","","","","","","","","","","","","","","","","","","","","","","","","","","","","","","","","","","","","",
"Early-demographic dividend","EAR","Energy intensity level of primary energy (MJ/$2017 PPP GDP)","EG.EGY.PRIM.PP.KD","","","","","","","","","","","","","","","","","","","","","","","","","","","","","","","","","","","","","","","","","","","","","","","","","","","","","","","","","","","","","","",
"East Asia & Pacific","EAS","Energy intensity level of primary energy (MJ/$2017 PPP GDP)","EG.EGY.PRIM.PP.KD","","","","","","","","","","","","","","","","","","","","","","","","","","","","","","","","","","","","","","","","","","","","","","","","","","","","","","","","","","","","","","",
"Europe & Central Asia (excluding high income)","ECA","Energy intensity level of primary energy (MJ/$2017 PPP GDP)","EG.EGY.PRIM.PP.KD","","","","","","","","","","","","","","","","","","","","","","","","","","","","","","","","","","","","","","","","","","","","","","","","","","","","","","","","","","","","","","",
"Europe & Central Asia","ECS","Energy intensity level of primary energy (MJ/$2017 PPP GDP)","EG.EGY.PRIM.PP.KD","","","","","","","","","","","","","","","","","","","","","","","","","","","","","","","","","","","","","","","","","","","","","","","","","","","","","","","","","","","","","","",
"Ecuador","ECU","Energy intensity level of primary energy (MJ/$2017 PPP GDP)","EG.EGY.PRIM.PP.KD","","","","","","","","","","","","","","","","","","","","","","","","","","","","","","","","","","","","","","","","","3.27","3.35","3.48","3.73","3.54","3.65","3.43","3.69","3.07","3.39","3.47","3.38","3.17","3.21","3.38","3.26","3.16","3.18","3.1","3.26","","",
"Egypt, Arab Rep.","EGY","Energy intensity level of primary energy (MJ/$2017 PPP GDP)","EG.EGY.PRIM.PP.KD","","","","","","","","","","","","","","","","","","","","","","","","","","","","","","","","","","","","","","","","","3.27","3.59","3.59","3.62","3.79","4.17","4.12","4.11","3.97","3.88","3.66","3.77","3.8","3.62","3.63","3.46","3.64","3.67","3.59","3.41","","",
"Euro area","EMU","Energy intensity level of primary energy (MJ/$2017 PPP GDP)","EG.EGY.PRIM.PP.KD","","","","","","","","","","","","","","","","","","","","","","","","","","","","","","","","","","","","","","","","","","","","","","","","","","","","","","","","","","","","","","",
"Eritrea","ERI","Energy intensity level of primary energy (MJ/$2017 PPP GDP)","EG.EGY.PRIM.PP.KD","","","","","","","","","","","","","","","","","","","","","","","","","","","","","","","","","","","","","","","","","5.20237272282","5.01219767587666","4.90988920524617","5.40141436699063","4.93940931973106","4.93452093216962","4.53942485338156","4.62224051919025","4.82006009856531","4.96596966530218","4.98725878397975","4.70540503114205","4.80855476282495","4.86890412442402","4.74139671686272","4.8289725556255","","","","","","",
"Spain","ESP","Energy intensity level of primary energy (MJ/$2017 PPP GDP)","EG.EGY.PRIM.PP.KD","","","","","","","","","","","","","","","","","","","","","","","","","","","","","","","","","","","","","","","","","3.6","3.56","3.57","3.58","3.63","3.57","3.43","3.36","3.22","3.07","3.07","3.04","3.13","2.96","2.86","2.85","2.79","2.86","2.77","2.64","","",
"Estonia","EST","Energy intensity level of primary energy (MJ/$2017 PPP GDP)","EG.EGY.PRIM.PP.KD","","","","","","","","","","","","","","","","","","","","","","","","","","","","","","","","","","","","","","","","","7.95","7.83","7.01","7.21","6.88","6.18","5.49","5.71","5.81","6.02","6.77","6.3","6","6.54","6.02","5.59","5.94","5.36","5.54","4.49","","",
"Ethiopia","ETH","Energy intensity level of primary energy (MJ/$2017 PPP GDP)","EG.EGY.PRIM.PP.KD","","","","","","","","","","","","","","","","","","","","","","","","","","","","","","","","","","","","","","","","","21.38","20.52","20.82","21.97","19.93","18.24","16.97","15.73","14.65","13.85","12.65","11.8","11.19","10.51","9.94","9.21","8.72","8.2","7.88","7.53","","",
"European Union","EUU","Energy intensity level of primary energy (MJ/$2017 PPP GDP)","EG.EGY.PRIM.PP.KD","","","","","","","","","","","","","","","","","","","","","","","","","","","","","","","","","","","","","","","","","","","","","","","","","","","","","","","","","","","","","","",
"Fragile and conflict affected situations","FCS","Energy intensity level of primary energy (MJ/$2017 PPP GDP)","EG.EGY.PRIM.PP.KD","","","","","","","","","","","","","","","","","","","","","","","","","","","","","","","","","","","","","","","","","","","","","","","","","","","","","","","","","","","","","","",
"Finland","FIN","Energy intensity level of primary energy (MJ/$2017 PPP GDP)","EG.EGY.PRIM.PP.KD","","","","","","","","","","","","","","","","","","","","","","","","","","","","","","","","","","","","","","","","","6.57","6.57","6.79","7.02","6.83","6.13","6.41","6","5.71","5.86","6.22","5.83","5.71","5.67","5.81","5.5","5.55","5.34","5.37","5.19","","",
"Fiji","FJI","Energy intensity level of primary energy (MJ/$2017 PPP GDP)","EG.EGY.PRIM.PP.KD","","","","","","","","","","","","","","","","","","","","","","","","","","","","","","","","","","","","","","","","","2.75","2.97","2.69","2.79","3.27","2.72","2.91","2.7","2.15","1.93","2.29","2.23","2.11","2.19","2.33","2.3","2.01","2.15","2.12","2.15","","",
"France","FRA","Energy intensity level of primary energy (MJ/$2017 PPP GDP)","EG.EGY.PRIM.PP.KD","","","","","","","","","","","","","","","","","","","","","","","","","","","","","","","","","","","","","","","","","4.36","4.42","4.38","4.45","4.39","4.34","4.17","4.02","4.03","3.97","4.02","3.85","3.84","3.83","3.65","3.66","3.56","3.47","3.4","3.29","","",
"Faroe Islands","FRO","Energy intensity level of primary energy (MJ/$2017 PPP GDP)","EG.EGY.PRIM.PP.KD","","","","","","","","","","","","","","","","","","","","","","","","","","","","","","","","","","","","","","","","","","","","","","","","","","","","","","","","","","","","","","",
"Micronesia, Fed. Sts.","FSM","Energy intensity level of primary energy (MJ/$2017 PPP GDP)","EG.EGY.PRIM.PP.KD","","","","","","","","","","","","","","","","","","","","","","","","","","","","","","","","","","","","","","","","","7.2","6.57","5.94","6.18","5.69","4.51","4.55","5.18","4.65","5.91","4.1","4.51","5.06","5.5","5.74","5.65","5.69","5.52","5.56","5.52","","",
"Gabon","GAB","Energy intensity level of primary energy (MJ/$2017 PPP GDP)","EG.EGY.PRIM.PP.KD","","","","","","","","","","","","","","","","","","","","","","","","","","","","","","","","","","","","","","","","","3.03","3.18","3.85","4.43","5.1","5.8","6.71","6.98","7.94","8.68","9.09","6.83","5.73","7.97","7.42","7.22","7.11","6.75","6.64","5.99","","",
"United Kingdom","GBR","Energy intensity level of primary energy (MJ/$2017 PPP GDP)","EG.EGY.PRIM.PP.KD","","","","","","","","","","","","","","","","","","","","","","","","","","","","","","","","","","","","","","","","","4.14","4.05","3.9","3.84","3.71","3.62","3.47","3.27","3.24","3.18","3.23","2.96","2.99","2.88","2.64","2.61","2.53","2.45","2.41","2.3","","",
"Georgia","GEO","Energy intensity level of primary energy (MJ/$2017 PPP GDP)","EG.EGY.PRIM.PP.KD","","","","","","","","","","","","","","","","","","","","","","","","","","","","","","","","","","","","","","","","","5.99","5.12","4.8","4.6","4.47","4.17","4.06","3.98","3.49","3.74","3.55","3.75","3.68","3.99","4.08","4.18","4.2","4.04","3.82","3.83","","",
"Ghana","GHA","Energy intensity level of primary energy (MJ/$2017 PPP GDP)","EG.EGY.PRIM.PP.KD","","","","","","","","","","","","","","","","","","","","","","","","","","","","","","","","","","","","","","","","","5.02","4.82","4.61","4.16","3.88","3.64","3.69","3.48","3.42","3.34","3.42","3.15","3.21","3.01","2.97","3.03","2.96","2.75","2.92","2.85","","",
"Gibraltar","GIB","Energy intensity level of primary energy (MJ/$2017 PPP GDP)","EG.EGY.PRIM.PP.KD","","","","","","","","","","","","","","","","","","","","","","","","","","","","","","","","","","","","","","","","","","","","","","","","","","","","","","","","","","","","","","",
"Guinea","GIN","Energy intensity level of primary energy (MJ/$2017 PPP GDP)","EG.EGY.PRIM.PP.KD","","","","","","","","","","","","","","","","","","","","","","","","","","","","","","","","","","","","","","","","","9.11","8.9","8.55","8.5","8.43","8.25","8.23","7.81","7.54","7.75","7.71","7.39","6.93","6.49","6.35","6.37","5.91","5.66","5.51","5.57","","",
"Gambia, The","GMB","Energy intensity level of primary energy (MJ/$2017 PPP GDP)","EG.EGY.PRIM.PP.KD","","","","","","","","","","","","","","","","","","","","","","","","","","","","","","","","","","","","","","","","","3.13","3.1","3.23","3.05","2.94","3.05","3.2","3.22","3.09","3.09","2.92","3.24","3.13","3.01","3.34","3.48","3.45","3.29","3.08","2.97","","",
"Guinea-Bissau","GNB","Energy intensity level of primary energy (MJ/$2017 PPP GDP)","EG.EGY.PRIM.PP.KD","","","","","","","","","","","","","","","","","","","","","","","","","","","","","","","","","","","","","","","","","11.19","11.13","11.43","11.79","11.7","11.39","11.32","11.2","10.95","10.8","10.49","9.84","10.14","9.95","10.07","9.69","9.33","8.91","8.93","8.59","","",
"Equatorial Guinea","GNQ","Energy intensity level of primary energy (MJ/$2017 PPP GDP)","EG.EGY.PRIM.PP.KD","","","","","","","","","","","","","","","","","","","","","","","","","","","","","","","","","","","","","","","","","1.57","1.03","1.25","1.26","3.16","2.7","2.57","1.9","1.82","1.44","2.36","2.28","2.71","3.48","3.22","3.27","4.05","4.7","3.72","3.01","","",
"Greece","GRC","Energy intensity level of primary energy (MJ/$2017 PPP GDP)","EG.EGY.PRIM.PP.KD","","","","","","","","","","","","","","","","","","","","","","","","","","","","","","","","","","","","","","","","","3.6","3.58","3.48","3.39","3.29","3.33","3.15","3.04","3.07","3.11","3.09","3.33","3.55","3.21","3.16","3.18","3.13","3.14","3","2.9","","",
"Grenada","GRD","Energy intensity level of primary energy (MJ/$2017 PPP GDP)","EG.EGY.PRIM.PP.KD","","","","","","","","","","","","","","","","","","","","","","","","","","","","","","","","","","","","","","","","","2.45","2.56","2.58","2.5","2.45","2.27","2.45","2.44","2.52","2.7","2.82","2.69","2.89","3.18","2.36","2.44","2.4","2.38","2.54","2.68","","",
"Greenland","GRL","Energy intensity level of primary energy (MJ/$2017 PPP GDP)","EG.EGY.PRIM.PP.KD","","","","","","","","","","","","","","","","","","","","","","","","","","","","","","","","","","","","","","","","","","","","","","","","","","","","","","","","","","","","","","",
"Guatemala","GTM","Energy intensity level of primary energy (MJ/$2017 PPP GDP)","EG.EGY.PRIM.PP.KD","","","","","","","","","","","","","","","","","","","","","","","","","","","","","","","","","","","","","","","","","4","4.01","4.43","4.4","4.4","4.36","4.17","4.2","3.96","4.22","4.14","4.06","4.13","4.09","4.08","4.16","4.37","4.24","4.25","4.24","","",
"Guam","GUM","Energy intensity level of primary energy (MJ/$2017 PPP GDP)","EG.EGY.PRIM.PP.KD","","","","","","","","","","","","","","","","","","","","","","","","","","","","","","","","","","","","","","","","","","","","","","","","","","","","","","","","","","","","","","",
"Guyana","GUY","Energy intensity level of primary energy (MJ/$2017 PPP GDP)","EG.EGY.PRIM.PP.KD","","","","","","","","","","","","","","","","","","","","","","","","","","","","","","","","","","","","","","","","","5.78","5.69","5.78","6.06","6.25","5.36","4.88","5.1","4.78","4.97","4.69","4.8","4.36","3.99","4.01","4","4.14","3.95","3.86","3.98","","",
"High income","HIC","Energy intensity level of primary energy (MJ/$2017 PPP GDP)","EG.EGY.PRIM.PP.KD","","","","","","","","","","","","","","","","","","","","","","","","","","","","","","","","","","","","","","","","","","","","","","","","","","","","","","","","","","","","","","",
"Hong Kong SAR, China","HKG","Energy intensity level of primary energy (MJ/$2017 PPP GDP)","EG.EGY.PRIM.PP.KD","","","","","","","","","","","","","","","","","","","","","","","","","","","","","","","","","","","","","","","","","2.45","2.4","2.21","2.24","1.87","1.79","1.71","1.75","1.67","1.77","1.57","1.6","1.51","1.45","1.41","1.49","1.5","1.31","1.31","1.32","","",
"Honduras","HND","Energy intensity level of primary energy (MJ/$2017 PPP GDP)","EG.EGY.PRIM.PP.KD","","","","","","","","","","","","","","","","","","","","","","","","","","","","","","","","","","","","","","","","","4.65","4.88","4.93","5.12","5.23","4.89","5","5.04","4.91","4.97","4.9","5","5.05","4.9","4.83","5.02","4.81","4.05","4.58","4.3","","",
"Heavily indebted poor countries (HIPC)","HPC","Energy intensity level of primary energy (MJ/$2017 PPP GDP)","EG.EGY.PRIM.PP.KD","","","","","","","","","","","","","","","","","","","","","","","","","","","","","","","","","","","","","","","","","","","","","","","","","","","","","","","","","","","","","","",
"Croatia","HRV","Energy intensity level of primary energy (MJ/$2017 PPP GDP)","EG.EGY.PRIM.PP.KD","","","","","","","","","","","","","","","","","","","","","","","","","","","","","","","","","","","","","","","","","4.32","4.36","4.24","4.3","4.13","4.02","3.81","3.77","3.6","3.75","3.76","3.68","3.55","3.49","3.33","3.4","3.31","3.31","3.13","3.07","","",
"Haiti","HTI","Energy intensity level of primary energy (MJ/$2017 PPP GDP)","EG.EGY.PRIM.PP.KD","","","","","","","","","","","","","","","","","","","","","","","","","","","","","","","","","","","","","","","","","5.63","5.55","5.7","5.54","5.72","5.7","5.77","5.59","5.53","5.41","5.87","5.78","5.93","5.93","5.62","5.6","5.7","5.68","5.78","5.8","","",
"Hungary","HUN","Energy intensity level of primary energy (MJ/$2017 PPP GDP)","EG.EGY.PRIM.PP.KD","","","","","","","","","","","","","","","","","","","","","","","","","","","","","","","","","","","","","","","","","5.28","5.2","4.96","4.87","4.63","4.78","4.55","4.45","4.35","4.43","4.54","4.36","4.21","4","3.83","3.9","3.86","3.87","3.66","3.51","","",
"IBRD only","IBD","Energy intensity level of primary energy (MJ/$2017 PPP GDP)","EG.EGY.PRIM.PP.KD","","","","","","","","","","","","","","","","","","","","","","","","","","","","","","","","","","","","","","","","","","","","","","","","","","","","","","","","","","","","","","",
"IDA & IBRD total","IBT","Energy intensity level of primary energy (MJ/$2017 PPP GDP)","EG.EGY.PRIM.PP.KD","","","","","","","","","","","","","","","","","","","","","","","","","","","","","","","","","","","","","","","","","","","","","","","","","","","","","","","","","","","","","","",
"IDA total","IDA","Energy intensity level of primary energy (MJ/$2017 PPP GDP)","EG.EGY.PRIM.PP.KD","","","","","","","","","","","","","","","","","","","","","","","","","","","","","","","","","","","","","","","","","","","","","","","","","","","","","","","","","","","","","","",
"IDA blend","IDB","Energy intensity level of primary energy (MJ/$2017 PPP GDP)","EG.EGY.PRIM.PP.KD","","","","","","","","","","","","","","","","","","","","","","","","","","","","","","","","","","","","","","","","","","","","","","","","","","","","","","","","","","","","","","",
"Indonesia","IDN","Energy intensity level of primary energy (MJ/$2017 PPP GDP)","EG.EGY.PRIM.PP.KD","","","","","","","","","","","","","","","","","","","","","","","","","","","","","","","","","","","","","","","","","5.42","5.34","5.3","5.07","5.14","4.94","4.79","4.48","4.3","4.34","4.21","4.04","3.79","3.47","3.44","3.26","3.19","3.2","3.19","3.16","","",
"IDA only","IDX","Energy intensity level of primary energy (MJ/$2017 PPP GDP)","EG.EGY.PRIM.PP.KD","","","","","","","","","","","","","","","","","","","","","","","","","","","","","","","","","","","","","","","","","","","","","","","","","","","","","","","","","","","","","","",
"Isle of Man","IMN","Energy intensity level of primary energy (MJ/$2017 PPP GDP)","EG.EGY.PRIM.PP.KD","","","","","","","","","","","","","","","","","","","","","","","","","","","","","","","","","","","","","","","","","","","","","","","","","","","","","","","","","","","","","","",
"India","IND","Energy intensity level of primary energy (MJ/$2017 PPP GDP)","EG.EGY.PRIM.PP.KD","","","","","","","","","","","","","","","","","","","","","","","","","","","","","","","","","","","","","","","","","6.42","6.22","6.16","5.84","5.73","5.52","5.39","5.31","5.43","5.5","5.34","5.28","5.29","5.11","5.08","4.82","4.54","4.47","4.4","4.28","","",
"Not classified","INX","Energy intensity level of primary energy (MJ/$2017 PPP GDP)","EG.EGY.PRIM.PP.KD","","","","","","","","","","","","","","","","","","","","","","","","","","","","","","","","","","","","","","","","","","","","","","","","","","","","","","","","","","","","","","",
"Ireland","IRL","Energy intensity level of primary energy (MJ/$2017 PPP GDP)","EG.EGY.PRIM.PP.KD","","","","","","","","","","","","","","","","","","","","","","","","","","","","","","","","","","","","","","","","","3.12","3.08","2.92","2.77","2.67","2.55","2.44","2.36","2.45","2.5","2.45","2.23","2.23","2.19","1.97","1.64","1.69","1.51","1.41","1.32","","",
"Iran, Islamic Rep.","IRN","Energy intensity level of primary energy (MJ/$2017 PPP GDP)","EG.EGY.PRIM.PP.KD","","","","","","","","","","","","","","","","","","","","","","","","","","","","","","","","","","","","","","","","","7.8","8.39","8.09","7.69","8.03","8.64","8.6","8.41","8.99","8.89","8.4","8.35","9.41","9.62","9.87","9.98","9.09","9.54","10.39","11.12","","",
"Iraq","IRQ","Energy intensity level of primary energy (MJ/$2017 PPP GDP)","EG.EGY.PRIM.PP.KD","","","","","","","","","","","","","","","","","","","","","","","","","","","","","","","","","","","","","","","","","5.07","5.57","5.79","8.1","5.67","5.56","5.12","4.94","4.93","5.12","5.32","5.42","5.26","5.06","4.82","4.36","4.12","4.74","5.67","5.57","","",
"Iceland","ISL","Energy intensity level of primary energy (MJ/$2017 PPP GDP)","EG.EGY.PRIM.PP.KD","","","","","","","","","","","","","","","","","","","","","","","","","","","","","","","","","","","","","","","","","11.18","10.4","10.65","10.43","9.57","9.16","10.67","11.69","12.92","14.52","15.02","15.78","15.24","15.2","14.89","13.58","12.07","12.18","12.78","12.27","","",
"Israel","ISR","Energy intensity level of primary energy (MJ/$2017 PPP GDP)","EG.EGY.PRIM.PP.KD","","","","","","","","","","","","","","","","","","","","","","","","","","","","","","","","","","","","","","","","","3.86","4.05","3.98","4.13","3.86","3.57","3.72","3.61","3.85","3.59","3.66","3.49","3.46","3.03","2.82","2.9","2.81","2.67","2.65","2.51","","",
"Italy","ITA","Energy intensity level of primary energy (MJ/$2017 PPP GDP)","EG.EGY.PRIM.PP.KD","","","","","","","","","","","","","","","","","","","","","","","","","","","","","","","","","","","","","","","","","2.93","2.88","2.9","3.03","3.01","3.04","2.96","2.91","2.9","2.86","2.88","2.76","2.73","2.68","2.53","2.61","2.55","2.55","2.48","2.45","","",
"Jamaica","JAM","Energy intensity level of primary energy (MJ/$2017 PPP GDP)","EG.EGY.PRIM.PP.KD","","","","","","","","","","","","","","","","","","","","","","","","","","","","","","","","","","","","","","","","","5.89","5.93","5.56","5.6","5.56","5.39","5.95","5.92","4.77","4.02","3.8","3.96","3.85","4.02","3.89","3.87","4.27","3.86","4.28","4.45","","",
"Jordan","JOR","Energy intensity level of primary energy (MJ/$2017 PPP GDP)","EG.EGY.PRIM.PP.KD","","","","","","","","","","","","","","","","","","","","","","","","","","","","","","","","","","","","","","","","","4.55","4.28","4.25","4.17","4.62","4.58","4.35","4.23","3.87","3.89","3.62","3.5","3.8","3.65","3.73","3.84","3.88","4.01","3.82","3.8","","",
"Japan","JPN","Energy intensity level of primary energy (MJ/$2017 PPP GDP)","EG.EGY.PRIM.PP.KD","","","","","","","","","","","","","","","","","","","","","","","","","","","","","","","","","","","","","","","","","4.78","4.69","4.7","4.6","4.65","4.55","4.48","4.37","4.26","4.3","4.35","4.03","3.89","3.82","3.69","3.59","3.54","3.5","3.45","3.33","","",
"Kazakhstan","KAZ","Energy intensity level of primary energy (MJ/$2017 PPP GDP)","EG.EGY.PRIM.PP.KD","","","","","","","","","","","","","","","","","","","","","","","","","","","","","","","","","","","","","","","","","9.77","8.33","8.73","8.66","9.31","8.51","9.15","9.16","9.38","8.42","8.55","8.9","8.12","8.45","6.48","5.38","6.22","6.08","6.65","6.27","","",
"Kenya","KEN","Energy intensity level of primary energy (MJ/$2017 PPP GDP)","EG.EGY.PRIM.PP.KD","","","","","","","","","","","","","","","","","","","","","","","","","","","","","","","","","","","","","","","","","6.4","6.26","6.32","6.28","6.28","6.15","6.03","5.77","5.97","6.12","5.9","5.67","5.49","5.51","5.78","5.8","5.62","5.56","5.26","5.31","","",
"Kyrgyz Republic","KGZ","Energy intensity level of primary energy (MJ/$2017 PPP GDP)","EG.EGY.PRIM.PP.KD","","","","","","","","","","","","","","","","","","","","","","","","","","","","","","","","","","","","","","","","","6.44","5.68","6.39","6.35","5.85","5.93","5.66","6.08","6","5.33","5.11","5.8","7.25","6.16","6.21","5.82","5.41","5.15","5.88","4.96","","",
"Cambodia","KHM","Energy intensity level of primary energy (MJ/$2017 PPP GDP)","EG.EGY.PRIM.PP.KD","","","","","","","","","","","","","","","","","","","","","","","","","","","","","","","","","","","","","","","","","7.91","7.51","7.05","6.69","6.23","5.73","5.31","5.03","4.76","5.07","5.05","4.81","4.68","4.47","4.5","4.58","4.74","4.59","4.61","4.68","","",
"Kiribati","KIR","Energy intensity level of primary energy (MJ/$2017 PPP GDP)","EG.EGY.PRIM.PP.KD","","","","","","","","","","","","","","","","","","","","","","","","","","","","","","","","","","","","","","","","","5.07","5","5.64","5.75","6.16","6.64","7.11","6.66","7.37","6.66","6.77","6.47","6.16","5.97","6.13","5.76","5.28","6.14","6.03","5.93","","",
"St. Kitts and Nevis","KNA","Energy intensity level of primary energy (MJ/$2017 PPP GDP)","EG.EGY.PRIM.PP.KD","","","","","","","","","","","","","","","","","","","","","","","","","","","","","","","","","","","","","","","","","3.09","3.02","3.23","3.44","3.49","2.98","2.54","2.67","2.51","2.68","2.73","2.77","2.78","2.64","2.53","2.56","2.56","2.63","2.59","2.58","","",
"Korea, Rep.","KOR","Energy intensity level of primary energy (MJ/$2017 PPP GDP)","EG.EGY.PRIM.PP.KD","","","","","","","","","","","","","","","","","","","","","","","","","","","","","","","","","","","","","","","","","7.3","7.07","6.82","6.75","6.59","6.38","6.16","6.05","6.01","6.02","6.14","6.17","6.1","5.92","5.83","5.76","5.8","5.62","5.46","5.31","","",
"Kuwait","KWT","Energy intensity level of primary energy (MJ/$2017 PPP GDP)","EG.EGY.PRIM.PP.KD","","","","","","","","","","","","","","","","","","","","","","","","","","","","","","","","","","","","","","","","","6.91","7.36","7.21","6.59","6.6","6.78","5.8","5.28","6.11","6.84","7.42","6.58","6.67","5.57","5.68","7.08","7.3","7.18","7.07","7.4","","",
"Latin America & Caribbean (excluding high income)","LAC","Energy intensity level of primary energy (MJ/$2017 PPP GDP)","EG.EGY.PRIM.PP.KD","","","","","","","","","","","","","","","","","","","","","","","","","","","","","","","","","","","","","","","","","","","","","","","","","","","","","","","","","","","","","","",
"Lao PDR","LAO","Energy intensity level of primary energy (MJ/$2017 PPP GDP)","EG.EGY.PRIM.PP.KD","","","","","","","","","","","","","","","","","","","","","","","","","","","","","","","","","","","","","","","","","3.79","3.74","3.63","3.54","3.44","3.32","3.39","3.39","3.51","3.47","3.31","3.11","2.93","2.98","2.93","3.83","4.75","4.9","4.7","4.35","","",
"Lebanon","LBN","Energy intensity level of primary energy (MJ/$2017 PPP GDP)","EG.EGY.PRIM.PP.KD","","","","","","","","","","","","","","","","","","","","","","","","","","","","","","","","","","","","","","","","","3.73","3.86","3.71","3.59","3.4","3.16","2.89","2.26","2.7","3.12","2.78","2.75","3.04","2.87","2.98","3.27","3.32","3.49","3.36","3.62","","",
"Liberia","LBR","Energy intensity level of primary energy (MJ/$2017 PPP GDP)","EG.EGY.PRIM.PP.KD","","","","","","","","","","","","","","","","","","","","","","","","","","","","","","","","","","","","","","","","","10.09","10.25","10.24","15.37","15.7","15.82","15.19","14.18","13.47","13.09","13.52","13.09","12.69","11.79","12.61","13","13.92","13.66","13.59","14.33","","",
"Libya","LBY","Energy intensity level of primary energy (MJ/$2017 PPP GDP)","EG.EGY.PRIM.PP.KD","","","","","","","","","","","","","","","","","","","","","","","","","","","","","","","","","","","","","","","","","7.37","7.89","8.16","7.23","7.11","6.61","5.82","4.6","5","5.56","6.09","13.76","5.66","5.69","10.48","10.84","11.05","8.41","7.16","8.9","","",
"St. Lucia","LCA","Energy intensity level of primary energy (MJ/$2017 PPP GDP)","EG.EGY.PRIM.PP.KD","","","","","","","","","","","","","","","","","","","","","","","","","","","","","","","","","","","","","","","","","3.06","3.28","3.22","3.22","3.11","3.07","3","2.97","2.84","2.9","3.18","2.99","3","3.09","3.03","3.03","2.93","2.95","2.86","2.84","","",
"Latin America & Caribbean","LCN","Energy intensity level of primary energy (MJ/$2017 PPP GDP)","EG.EGY.PRIM.PP.KD","","","","","","","","","","","","","","","","","","","","","","","","","","","","","","","","","","","","","","","","","","","","","","","","","","","","","","","","","","","","","","",
"Least developed countries: UN classification","LDC","Energy intensity level of primary energy (MJ/$2017 PPP GDP)","EG.EGY.PRIM.PP.KD","","","","","","","","","","","","","","","","","","","","","","","","","","","","","","","","","","","","","","","","","","","","","","","","","","","","","","","","","","","","","","",
"Low income","LIC","Energy intensity level of primary energy (MJ/$2017 PPP GDP)","EG.EGY.PRIM.PP.KD","","","","","","","","","","","","","","","","","","","","","","","","","","","","","","","","","","","","","","","","","","","","","","","","","","","","","","","","","","","","","","",
"Liechtenstein","LIE","Energy intensity level of primary energy (MJ/$2017 PPP GDP)","EG.EGY.PRIM.PP.KD","","","","","","","","","","","","","","","","","","","","","","","","","","","","","","","","","","","","","","","","","","","","","","","","","","","","","","","","","","","","","","",
"Sri Lanka","LKA","Energy intensity level of primary energy (MJ/$2017 PPP GDP)","EG.EGY.PRIM.PP.KD","","","","","","","","","","","","","","","","","","","","","","","","","","","","","","","","","","","","","","","","","3.12","3.06","3","3","2.88","2.78","2.6","2.48","2.28","2.24","2.21","2.21","2.18","1.87","1.93","1.94","1.91","1.81","1.76","1.78","","",
"Lower middle income","LMC","Energy intensity level of primary energy (MJ/$2017 PPP GDP)","EG.EGY.PRIM.PP.KD","","","","","","","","","","","","","","","","","","","","","","","","","","","","","","","","","","","","","","","","","","","","","","","","","","","","","","","","","","","","","","",
"Low & middle income","LMY","Energy intensity level of primary energy (MJ/$2017 PPP GDP)","EG.EGY.PRIM.PP.KD","","","","","","","","","","","","","","","","","","","","","","","","","","","","","","","","","","","","","","","","","","","","","","","","","","","","","","","","","","","","","","",
"Lesotho","LSO","Energy intensity level of primary energy (MJ/$2017 PPP GDP)","EG.EGY.PRIM.PP.KD","","","","","","","","","","","","","","","","","","","","","","","","","","","","","","","","","","","","","","","","","13.95","13.59","13.61","12","12.05","11.9","11.62","11.4","11.05","11.61","11.07","11.95","11.13","9.32","9.15","8.28","7.81","8.38","8.08","8.14","","",
"Late-demographic dividend","LTE","Energy intensity level of primary energy (MJ/$2017 PPP GDP)","EG.EGY.PRIM.PP.KD","","","","","","","","","","","","","","","","","","","","","","","","","","","","","","","","","","","","","","","","","","","","","","","","","","","","","","","","","","","","","","",
"Lithuania","LTU","Energy intensity level of primary energy (MJ/$2017 PPP GDP)","EG.EGY.PRIM.PP.KD","","","","","","","","","","","","","","","","","","","","","","","","","","","","","","","","","","","","","","","","","6.17","6.72","6.75","6.37","6.06","5.31","4.86","4.74","4.66","5.03","3.98","3.89","3.78","3.45","3.34","3.3","3.3","3.31","3.22","3.08","","",
"Luxembourg","LUX","Energy intensity level of primary energy (MJ/$2017 PPP GDP)","EG.EGY.PRIM.PP.KD","","","","","","","","","","","","","","","","","","","","","","","","","","","","","","","","","","","","","","","","","3.35","3.44","3.44","3.57","3.84","3.8","3.57","3.2","3.24","3.19","3.24","3.12","3.08","2.88","2.66","2.48","2.35","2.35","2.37","2.34","","",
"Latvia","LVA","Energy intensity level of primary energy (MJ/$2017 PPP GDP)","EG.EGY.PRIM.PP.KD","","","","","","","","","","","","","","","","","","","","","","","","","","","","","","","","","","","","","","","","","5.27","5.32","4.92","4.82","4.56","4.2","3.88","3.61","3.57","4","4.28","3.8","3.78","3.63","3.59","3.39","3.31","3.31","3.35","3.18","","",
"Macao SAR, China","MAC","Energy intensity level of primary energy (MJ/$2017 PPP GDP)","EG.EGY.PRIM.PP.KD","","","","","","","","","","","","","","","","","","","","","","","","","","","","","","","","","","","","","","","","","1.08","1.12","0.94","0.9","0.79","0.79","0.68","0.58","0.56","0.75","0.51","0.44","0.4","0.35","0.42","0.59","0.61","0.59","0.47","0.5","","",
"St. Martin (French part)","MAF","Energy intensity level of primary energy (MJ/$2017 PPP GDP)","EG.EGY.PRIM.PP.KD","","","","","","","","","","","","","","","","","","","","","","","","","","","","","","","","","","","","","","","","","","","","","","","","","","","","","","","","","","","","","","",
"Morocco","MAR","Energy intensity level of primary energy (MJ/$2017 PPP GDP)","EG.EGY.PRIM.PP.KD","","","","","","","","","","","","","","","","","","","","","","","","","","","","","","","","","","","","","","","","","3.63","3.58","3.53","3.32","3.75","3.84","3.63","3.62","3.55","3.43","3.47","3.55","3.5","3.36","3.32","3.25","3.23","3.24","3.18","3.34","","",
"Monaco","MCO","Energy intensity level of primary energy (MJ/$2017 PPP GDP)","EG.EGY.PRIM.PP.KD","","","","","","","","","","","","","","","","","","","","","","","","","","","","","","","","","","","","","","","","","","","","","","","","","","","","","","","","","","","","","","",
"Moldova","MDA","Energy intensity level of primary energy (MJ/$2017 PPP GDP)","EG.EGY.PRIM.PP.KD","","","","","","","","","","","","","","","","","","","","","","","","","","","","","","","","","","","","","","","","","8.14","8.12","7.64","7.78","7.28","7.06","6.6","6.26","5.77","5.84","6.38","6.12","6.13","5.05","5.19","5.29","5.19","5.02","5.09","4.83","","",
"Madagascar","MDG","Energy intensity level of primary energy (MJ/$2017 PPP GDP)","EG.EGY.PRIM.PP.KD","","","","","","","","","","","","","","","","","","","","","","","","","","","","","","","","","","","","","","","","","6.03","5.72","6.37","6.17","6.06","5.88","5.67","5.55","5.45","5.84","6.08","6.34","6.48","6.7","6.65","6.68","7.86","8.03","8.5","8.56","","",
"Maldives","MDV","Energy intensity level of primary energy (MJ/$2017 PPP GDP)","EG.EGY.PRIM.PP.KD","","","","","","","","","","","","","","","","","","","","","","","","","","","","","","","","","","","","","","","","","1.74","1.85","2.2","1.66","2.07","2.16","2.16","2.06","2.02","2.29","2.25","2.19","2.4","2.21","2.47","2.4","2.47","2.42","2.56","2.69","","",
"Middle East & North Africa","MEA","Energy intensity level of primary energy (MJ/$2017 PPP GDP)","EG.EGY.PRIM.PP.KD","","","","","","","","","","","","","","","","","","","","","","","","","","","","","","","","","","","","","","","","","","","","","","","","","","","","","","","","","","","","","","",
"Mexico","MEX","Energy intensity level of primary energy (MJ/$2017 PPP GDP)","EG.EGY.PRIM.PP.KD","","","","","","","","","","","","","","","","","","","","","","","","","","","","","","","","","","","","","","","","","3.6","3.72","3.76","3.97","3.89","4.01","3.9","3.8","3.78","3.9","3.68","3.72","3.68","3.64","3.47","3.3","3.21","3.07","3.09","3.06","","",
"Marshall Islands","MHL","Energy intensity level of primary energy (MJ/$2017 PPP GDP)","EG.EGY.PRIM.PP.KD","","","","","","","","","","","","","","","","","","","","","","","","","","","","","","","","","","","","","","","","","9.35","9.03","9.42","9.41","9.77","9.55","10.04","10.24","11.01","10.93","10.54","10.6","10.66","10.49","10.72","10.73","10.66","10.51","10.28","9.74","","",
"Middle income","MIC","Energy intensity level of primary energy (MJ/$2017 PPP GDP)","EG.EGY.PRIM.PP.KD","","","","","","","","","","","","","","","","","","","","","","","","","","","","","","","","","","","","","","","","","","","","","","","","","","","","","","","","","","","","","","",
"North Macedonia","MKD","Energy intensity level of primary energy (MJ/$2017 PPP GDP)","EG.EGY.PRIM.PP.KD","","","","","","","","","","","","","","","","","","","","","","","","","","","","","","","","","","","","","","","","","5.39","5.37","5.19","5.61","5.27","5.34","5.17","5.03","4.72","4.39","4.33","4.62","4.42","3.99","3.74","3.55","3.49","3.51","3.23","3.39","","",
"Mali","MLI","Energy intensity level of primary energy (MJ/$2017 PPP GDP)","EG.EGY.PRIM.PP.KD","","","","","","","","","","","","","","","","","","","","","","","","","","","","","","","","","","","","","","","","","4.82","4.38","4.73","4.77","5","4.79","4.7","4.84","4.73","4.77","4.88","5.12","5.52","5.58","5.44","5.23","5.02","4.9","4.76","4.59","","",
"Malta","MLT","Energy intensity level of primary energy (MJ/$2017 PPP GDP)","EG.EGY.PRIM.PP.KD","","","","","","","","","","","","","","","","","","","","","","","","","","","","","","","","","","","","","","","","","2.64","3.11","2.83","3.06","3.07","3.04","2.97","2.89","2.83","2.61","2.58","2.55","2.6","2.16","2.01","1.52","1.35","1.42","1.36","1.37","","",
"Myanmar","MMR","Energy intensity level of primary energy (MJ/$2017 PPP GDP)","EG.EGY.PRIM.PP.KD","","","","","","","","","","","","","","","","","","","","","","","","","","","","","","","","","","","","","","","","","10.52","9.23","8.52","8.12","7.52","6.63","5.93","5.49","4.79","4.1","3.67","3.53","3.59","3.48","3.53","3.41","3.45","3.72","3.52","3.58","","",
"Middle East & North Africa (excluding high income)","MNA","Energy intensity level of primary energy (MJ/$2017 PPP GDP)","EG.EGY.PRIM.PP.KD","","","","","","","","","","","","","","","","","","","","","","","","","","","","","","","","","","","","","","","","","","","","","","","","","","","","","","","","","","","","","","",
"Montenegro","MNE","Energy intensity level of primary energy (MJ/$2017 PPP GDP)","EG.EGY.PRIM.PP.KD","","","","","","","","","","","","","","","","","","","","","","","","","","","","","","","","","","","","","","","","","","","","","","4.96","5.06","4.71","4.73","3.98","4.55","4.39","4.25","3.8","3.64","3.68","3.47","3.48","3.42","3.4","","",
"Mongolia","MNG","Energy intensity level of primary energy (MJ/$2017 PPP GDP)","EG.EGY.PRIM.PP.KD","","","","","","","","","","","","","","","","","","","","","","","","","","","","","","","","","","","","","","","","","9.24","9.05","9.25","8.44","7.86","8.44","8.84","8.4","7.75","8.16","8.12","7.58","7.01","7.19","6.86","5.89","6.22","6.08","6.37","7.01","","",
"Northern Mariana Islands","MNP","Energy intensity level of primary energy (MJ/$2017 PPP GDP)","EG.EGY.PRIM.PP.KD","","","","","","","","","","","","","","","","","","","","","","","","","","","","","","","","","","","","","","","","","","","","","","","","","","","","","","","","","","","","","","",
"Mozambique","MOZ","Energy intensity level of primary energy (MJ/$2017 PPP GDP)","EG.EGY.PRIM.PP.KD","","","","","","","","","","","","","","","","","","","","","","","","","","","","","","","","","","","","","","","","","26.91","25.24","23.75","23.38","22.44","21.44","20.21","15.17","14.49","14.82","12.66","14.75","13.9","13.91","13.4","12.96","12.7","12.31","12.07","11.93","","",
"Mauritania","MRT","Energy intensity level of primary energy (MJ/$2017 PPP GDP)","EG.EGY.PRIM.PP.KD","","","","","","","","","","","","","","","","","","","","","","","","","","","","","","","","","","","","","","","","","2.5","2.62","2.73","2.64","2.66","2.53","2.15","2.39","2.54","2.74","2.75","2.76","2.81","2.53","2.75","2.94","2.68","3.13","3.35","3.24","","",
"Mauritius","MUS","Energy intensity level of primary energy (MJ/$2017 PPP GDP)","EG.EGY.PRIM.PP.KD","","","","","","","","","","","","","","","","","","","","","","","","","","","","","","","","","","","","","","","","","3","3.05","2.97","2.94","2.87","2.92","2.97","2.83","2.75","2.59","2.62","2.53","2.48","2.44","2.4","2.39","2.3","2.25","2.15","2.13","","",
"Malawi","MWI","Energy intensity level of primary energy (MJ/$2017 PPP GDP)","EG.EGY.PRIM.PP.KD","","","","","","","","","","","","","","","","","","","","","","","","","","","","","","","","","","","","","","","","","5.29","5.51","5.66","5.43","5.23","5.09","4.85","4.59","4.46","4.15","3.86","3.79","3.77","3.61","3.38","3.37","3.36","3.32","3.28","3.18","","",
"Malaysia","MYS","Energy intensity level of primary energy (MJ/$2017 PPP GDP)","EG.EGY.PRIM.PP.KD","","","","","","","","","","","","","","","","","","","","","","","","","","","","","","","","","","","","","","","","","5.48","5.67","5.56","5.63","5.68","5.85","5.57","5.59","5.65","5.42","5.24","5.19","4.99","5.38","5.18","4.72","4.69","4.28","4.5","4.25","","",
"North America","NAC","Energy intensity level of primary energy (MJ/$2017 PPP GDP)","EG.EGY.PRIM.PP.KD","","","","","","","","","","","","","","","","","","","","","","","","","","","","","","","","","","","","","","","","","","","","","","","","","","","","","","","","","","","","","","",
"Namibia","NAM","Energy intensity level of primary energy (MJ/$2017 PPP GDP)","EG.EGY.PRIM.PP.KD","","","","","","","","","","","","","","","","","","","","","","","","","","","","","","","","","","","","","","","","","3.58","4.17","3.67","3.67","3.53","3.71","3.47","3.41","3.63","3.74","3.58","3.48","3.43","3.4","3.32","3.32","3.36","3.44","3.44","3.52","","",
"New Caledonia","NCL","Energy intensity level of primary energy (MJ/$2017 PPP GDP)","EG.EGY.PRIM.PP.KD","","","","","","","","","","","","","","","","","","","","","","","","","","","","","","","","","","","","","","","","","","","","","","","","","","","","","","","","","","","","","","",
"Niger","NER","Energy intensity level of primary energy (MJ/$2017 PPP GDP)","EG.EGY.PRIM.PP.KD","","","","","","","","","","","","","","","","","","","","","","","","","","","","","","","","","","","","","","","","","5.83","5.59","5.53","5.65","5.88","5.54","5.38","5.45","5.3","5.51","5.47","4.65","4.96","5.9","5.63","5.48","5.33","5.13","5.03","4.99","","",
"Nigeria","NGA","Energy intensity level of primary energy (MJ/$2017 PPP GDP)","EG.EGY.PRIM.PP.KD","","","","","","","","","","","","","","","","","","","","","","","","","","","","","","","","","","","","","","","","","10.01","9.86","8.81","8.6","7.99","7.94","7.53","7.33","7.07","6.43","6.82","7.06","6.84","6.54","6.3","6.03","6.36","6.31","6.16","6.39","","",
"Nicaragua","NIC","Energy intensity level of primary energy (MJ/$2017 PPP GDP)","EG.EGY.PRIM.PP.KD","","","","","","","","","","","","","","","","","","","","","","","","","","","","","","","","","","","","","","","","","5.23","5.13","5.09","5.15","5.16","5.03","5","4.84","4.69","4.82","4.73","4.53","4.61","4.53","4.46","4.5","4.46","4.36","4.46","4.68","","",
"Netherlands","NLD","Energy intensity level of primary energy (MJ/$2017 PPP GDP)","EG.EGY.PRIM.PP.KD","","","","","","","","","","","","","","","","","","","","","","","","","","","","","","","","","","","","","","","","","4.15","4.16","4.19","4.34","4.3","4.14","3.97","3.81","3.7","3.79","4.01","3.67","3.71","3.64","3.38","3.38","3.38","3.31","3.17","3.05","","",
"Norway","NOR","Energy intensity level of primary energy (MJ/$2017 PPP GDP)","EG.EGY.PRIM.PP.KD","","","","","","","","","","","","","","","","","","","","","","","","","","","","","","","","","","","","","","","","","4.27","4.3","3.94","4.23","4.3","4.28","4.21","3.83","4.44","4.44","4.57","3.89","4.14","4.37","3.77","3.77","3.57","3.68","3.66","3.33","","",
"Nepal","NPL","Energy intensity level of primary energy (MJ/$2017 PPP GDP)","EG.EGY.PRIM.PP.KD","","","","","","","","","","","","","","","","","","","","","","","","","","","","","","","","","","","","","","","","","6.83","6.73","6.79","6.72","6.51","6.51","6.29","6.21","6.05","5.96","5.85","5.86","5.39","5.86","5.72","5.47","5.93","5.76","5.68","5.23","","",
"Nauru","NRU","Energy intensity level of primary energy (MJ/$2017 PPP GDP)","EG.EGY.PRIM.PP.KD","","","","","","","","","","","","","","","","","","","","","","","","","","","","","","","","","","","","","","","","","17.39","17.1","18.24","16.11","15.7","15.32","10.22","12.41","10.47","9.1","8.7","7.51","7.05","6.06","5.13","5.39","5.03","5.68","5.15","5.06","","",
"New Zealand","NZL","Energy intensity level of primary energy (MJ/$2017 PPP GDP)","EG.EGY.PRIM.PP.KD","","","","","","","","","","","","","","","","","","","","","","","","","","","","","","","","","","","","","","","","","5.66","5.48","5.23","4.94","4.87","4.6","4.47","4.39","4.49","4.52","4.62","4.51","4.63","4.55","4.61","4.49","4.27","4.13","3.93","4.02","","",
"OECD members","OED","Energy intensity level of primary energy (MJ/$2017 PPP GDP)","EG.EGY.PRIM.PP.KD","","","","","","","","","","","","","","","","","","","","","","","","","","","","","","","","","","","","","","","","","","","","","","","","","","","","","","","","","","","","","","",
"Oman","OMN","Energy intensity level of primary energy (MJ/$2017 PPP GDP)","EG.EGY.PRIM.PP.KD","","","","","","","","","","","","","","","","","","","","","","","","","","","","","","","","","","","","","","","","","4.09","3.98","4.28","4.57","4.71","5.18","7.66","8.4","6.83","6.56","7.55","8.72","8.63","8.41","8.28","8.21","7.56","8.07","7.79","7.23","","",
"Other small states","OSS","Energy intensity level of primary energy (MJ/$2017 PPP GDP)","EG.EGY.PRIM.PP.KD","","","","","","","","","","","","","","","","","","","","","","","","","","","","","","","","","","","","","","","","","","","","","","","","","","","","","","","","","","","","","","",
"Pakistan","PAK","Energy intensity level of primary energy (MJ/$2017 PPP GDP)","EG.EGY.PRIM.PP.KD","","","","","","","","","","","","","","","","","","","","","","","","","","","","","","","","","","","","","","","","","5.77","5.66","5.61","5.55","5.53","5.38","5.3","5.35","5.17","5.1","5.1","5","4.89","4.8","4.79","4.71","4.68","4.65","4.48","4.59","","",
"Panama","PAN","Energy intensity level of primary energy (MJ/$2017 PPP GDP)","EG.EGY.PRIM.PP.KD","","","","","","","","","","","","","","","","","","","","","","","","","","","","","","","","","","","","","","","","","2.27","2.58","2.29","2.2","2.03","2.14","2.1","1.87","1.63","1.77","1.85","1.85","1.74","1.58","1.58","1.51","1.49","1.42","1.39","1.54","","",
"Peru","PER","Energy intensity level of primary energy (MJ/$2017 PPP GDP)","EG.EGY.PRIM.PP.KD","","","","","","","","","","","","","","","","","","","","","","","","","","","","","","","","","","","","","","","","","3.32","3.19","3.03","2.86","2.96","2.95","2.65","2.6","2.62","2.62","2.51","2.72","2.75","2.5","2.57","2.57","2.57","2.54","2.56","2.6","","",
"Philippines","PHL","Energy intensity level of primary energy (MJ/$2017 PPP GDP)","EG.EGY.PRIM.PP.KD","","","","","","","","","","","","","","","","","","","","","","","","","","","","","","","","","","","","","","","","","4.72","4.36","4.26","4.06","3.78","3.7","3.49","3.33","3.35","3.22","3.14","3.06","2.99","2.89","2.9","2.96","2.93","2.89","2.81","2.68","","",
"Palau","PLW","Energy intensity level of primary energy (MJ/$2017 PPP GDP)","EG.EGY.PRIM.PP.KD","","","","","","","","","","","","","","","","","","","","","","","","","","","","","","","","","","","","","","","","","11.21","10.74","10.39","10.66","10.28","10.31","10.46","11.58","9.96","10.1","10.67","10.2","10.52","11.17","10.06","8.7","9","9.4","9","9.64","","",
"Papua New Guinea","PNG","Energy intensity level of primary energy (MJ/$2017 PPP GDP)","EG.EGY.PRIM.PP.KD","","","","","","","","","","","","","","","","","","","","","","","","","","","","","","","","","","","","","","","","","5.88","6.32","6.57","6.78","6.98","6.76","6.51","7.55","6.73","6.49","5.66","5.91","5.49","5.93","5.59","5.38","5.18","4.93","5.31","5.28","","",
"Poland","POL","Energy intensity level of primary energy (MJ/$2017 PPP GDP)","EG.EGY.PRIM.PP.KD","","","","","","","","","","","","","","","","","","","","","","","","","","","","","","","","","","","","","","","","","5.98","5.94","5.76","5.71","5.46","5.34","5.29","4.92","4.78","4.47","4.61","4.42","4.22","4.17","3.89","3.76","3.82","3.81","3.68","3.42","","",
"Pre-demographic dividend","PRE","Energy intensity level of primary energy (MJ/$2017 PPP GDP)","EG.EGY.PRIM.PP.KD","","","","","","","","","","","","","","","","","","","","","","","","","","","","","","","","","","","","","","","","","","","","","","","","","","","","","","","","","","","","","","",
"Puerto Rico","PRI","Energy intensity level of primary energy (MJ/$2017 PPP GDP)","EG.EGY.PRIM.PP.KD","","","","","","","","","","","","","","","","","","","","","","","","","","","","","","","","","","","","","","","","","0.11","0.18","0.18","0.21","0.18","0.18","0.2","0.21","0.23","0.22","0.23","0.22","0.39","0.47","0.49","0.47","0.53","0.42","0.55","0.63","","",
"Korea, Dem. People's Rep.","PRK","Energy intensity level of primary energy (MJ/$2017 PPP GDP)","EG.EGY.PRIM.PP.KD","","","","","","","","","","","","","","","","","","","","","","","","","","","","","","","","","","","","","","","","","","","","","","","","","","","","","","","","","","","","","","",
"Portugal","PRT","Energy intensity level of primary energy (MJ/$2017 PPP GDP)","EG.EGY.PRIM.PP.KD","","","","","","","","","","","","","","","","","","","","","","","","","","","","","","","","","","","","","","","","","3.29","3.26","3.37","3.3","3.34","3.39","3.17","3.12","3.03","3.09","2.93","2.89","2.83","2.86","2.8","2.85","2.78","2.8","2.63","2.54","","",
"Paraguay","PRY","Energy intensity level of primary energy (MJ/$2017 PPP GDP)","EG.EGY.PRIM.PP.KD","","","","","","","","","","","","","","","","","","","","","","","","","","","","","","","","","","","","","","","","","3.56","3.65","3.62","3.55","3.44","3.33","3.27","3.16","3.18","3.25","3.12","3.04","3.07","2.86","2.84","3.01","3.4","3.42","3.4","3.39","","",
"West Bank and Gaza","PSE","Energy intensity level of primary energy (MJ/$2017 PPP GDP)","EG.EGY.PRIM.PP.KD","","","","","","","","","","","","","","","","","","","","","","","","","","","","","","","","","","","","","","","","","2.85","2.7","3.11","2.94","3.4","3.58","3.2","3.2","2.85","2.68","2.61","2.61","2.43","2.44","2.76","2.81","2.74","2.68","2.55","2.75","","",
"Pacific island small states","PSS","Energy intensity level of primary energy (MJ/$2017 PPP GDP)","EG.EGY.PRIM.PP.KD","","","","","","","","","","","","","","","","","","","","","","","","","","","","","","","","","","","","","","","","","","","","","","","","","","","","","","","","","","","","","","",
"Post-demographic dividend","PST","Energy intensity level of primary energy (MJ/$2017 PPP GDP)","EG.EGY.PRIM.PP.KD","","","","","","","","","","","","","","","","","","","","","","","","","","","","","","","","","","","","","","","","","","","","","","","","","","","","","","","","","","","","","","",
"French Polynesia","PYF","Energy intensity level of primary energy (MJ/$2017 PPP GDP)","EG.EGY.PRIM.PP.KD","","","","","","","","","","","","","","","","","","","","","","","","","","","","","","","","","","","","","","","","","","","","","","","","","","","","","","","","","","","","","","",
"Qatar","QAT","Energy intensity level of primary energy (MJ/$2017 PPP GDP)","EG.EGY.PRIM.PP.KD","","","","","","","","","","","","","","","","","","","","","","","","","","","","","","","","","","","","","","","","","8.92","9.49","10.01","9.99","9.88","9.19","8.56","8.2","7.16","6.82","6.38","5.3","6.97","7.05","6.6","6.32","5.88","6.8","6.46","6.79","","",
"Romania","ROU","Energy intensity level of primary energy (MJ/$2017 PPP GDP)","EG.EGY.PRIM.PP.KD","","","","","","","","","","","","","","","","","","","","","","","","","","","","","","","","","","","","","","","","","5.58","5.4","5.28","5.38","4.74","4.51","4.32","4.01","3.66","3.4","3.56","3.57","3.41","3","2.86","2.8","2.67","2.61","2.52","2.38","","",
"Russian Federation","RUS","Energy intensity level of primary energy (MJ/$2017 PPP GDP)","EG.EGY.PRIM.PP.KD","","","","","","","","","","","","","","","","","","","","","","","","","","","","","","","","","","","","","","","","","12.14","11.67","11.1","10.71","10.03","9.49","9.02","8.34","8.11","8.27","8.48","8.39","8.17","7.8","7.76","7.77","7.99","7.99","8.25","8.1","","",
"Rwanda","RWA","Energy intensity level of primary energy (MJ/$2017 PPP GDP)","EG.EGY.PRIM.PP.KD","","","","","","","","","","","","","","","","","","","","","","","","","","","","","","","","","","","","","","","","","7.8","7.19","6.35","6.2","5.77","6.95","6.54","6.31","5.88","5.73","5.55","5.37","5.14","5.08","4.87","4.58","4.35","4.28","4.01","3.94","","",
"South Asia","SAS","Energy intensity level of primary energy (MJ/$2017 PPP GDP)","EG.EGY.PRIM.PP.KD","","","","","","","","","","","","","","","","","","","","","","","","","","","","","","","","","","","","","","","","","","","","","","","","","","","","","","","","","","","","","","",
"Saudi Arabia","SAU","Energy intensity level of primary energy (MJ/$2017 PPP GDP)","EG.EGY.PRIM.PP.KD","","","","","","","","","","","","","","","","","","","","","","","","","","","","","","","","","","","","","","","","","4.73","4.91","5.74","5.18","4.83","4.87","5.08","5.24","5.4","5.79","6.08","5.79","5.64","5.46","5.81","5.84","5.7","5.85","5.58","5.58","","",
"Sudan","SDN","Energy intensity level of primary energy (MJ/$2017 PPP GDP)","EG.EGY.PRIM.PP.KD","","","","","","","","","","","","","","","","","","","","","","","","","","","","","","","","","","","","","","","","","7.88","7.84","7.91","7.13","6.86","6.6","6.42","5.54","5.23","5.3","4.84","5.2","4.41","5.05","4.87","4.71","4.7","4.5","4.47","4.62","","",
"Senegal","SEN","Energy intensity level of primary energy (MJ/$2017 PPP GDP)","EG.EGY.PRIM.PP.KD","","","","","","","","","","","","","","","","","","","","","","","","","","","","","","","","","","","","","","","","","3.95","4.09","4.13","3.78","3.87","3.79","3.72","3.88","3.92","4.59","4.68","4.79","4.51","4.07","4.15","4.19","3.93","3.65","3.48","3.67","","",
"Singapore","SGP","Energy intensity level of primary energy (MJ/$2017 PPP GDP)","EG.EGY.PRIM.PP.KD","","","","","","","","","","","","","","","","","","","","","","","","","","","","","","","","","","","","","","","","","3.46","3.99","3.81","4.41","4.82","3.07","3.03","2.56","2.9","3.05","2.48","2.05","2.31","2.39","2.52","2.68","2.66","2.8","2.51","2.57","","",
"Solomon Islands","SLB","Energy intensity level of primary energy (MJ/$2017 PPP GDP)","EG.EGY.PRIM.PP.KD","","","","","","","","","","","","","","","","","","","","","","","","","","","","","","","","","","","","","","","","","6.99","7.75","8.15","7.82","7.59","7.32","7.11","6.89","6.61","6.59","6.19","5.93","5.82","5.85","5.37","4.99","4.66","4.4","4.28","4.27","","",
"Sierra Leone","SLE","Energy intensity level of primary energy (MJ/$2017 PPP GDP)","EG.EGY.PRIM.PP.KD","","","","","","","","","","","","","","","","","","","","","","","","","","","","","","","","","","","","","","","","","11.05","12.14","9.77","9.06","8.49","7.97","7.97","7.29","6.95","6.77","6.55","6.46","5.78","5","4.92","6.18","6","5.68","5.51","5.4","","",
"El Salvador","SLV","Energy intensity level of primary energy (MJ/$2017 PPP GDP)","EG.EGY.PRIM.PP.KD","","","","","","","","","","","","","","","","","","","","","","","","","","","","","","","","","","","","","","","","","3.47","3.65","3.69","3.9","3.9","3.89","3.98","3.95","3.91","3.93","3.91","3.75","3.71","3.43","3.33","3.39","3.38","3.25","3.27","3.37","","",
"San Marino","SMR","Energy intensity level of primary energy (MJ/$2017 PPP GDP)","EG.EGY.PRIM.PP.KD","","","","","","","","","","","","","","","","","","","","","","","","","","","","","","","","","","","","","","","","","","","","","","","","","","","","","","","","","","","","","","",
"Somalia","SOM","Energy intensity level of primary energy (MJ/$2017 PPP GDP)","EG.EGY.PRIM.PP.KD","","","","","","","","","","","","","","","","","","","","","","","","","","","","","","","","","","","","","","","","","11.22","11.32","11.39","11.51","11.48","11.47","11.6","11.53","11.74","11.82","11.87","11.79","11.68","11.95","11.74","11.35","11.61","11.73","11.69","11.64","","",
"Serbia","SRB","Energy intensity level of primary energy (MJ/$2017 PPP GDP)","EG.EGY.PRIM.PP.KD","","","","","","","","","","","","","","","","","","","","","","","","","","","","","","","","","","","","","","","","","8.47","8.63","8.66","8.72","8.73","7.34","7.41","6.78","6.53","6.05","6.19","6.29","5.69","5.66","5.12","5.59","5.6","5.61","5.28","5.04","","",
"Sub-Saharan Africa (excluding high income)","SSA","Energy intensity level of primary energy (MJ/$2017 PPP GDP)","EG.EGY.PRIM.PP.KD","","","","","","","","","","","","","","","","","","","","","","","","","","","","","","","","","","","","","","","","","","","","","","","","","","","","","","","","","","","","","","",
"South Sudan","SSD","Energy intensity level of primary energy (MJ/$2017 PPP GDP)","EG.EGY.PRIM.PP.KD","","","","","","","","","","","","","","","","","","","","","","","","","","","","","","","","","","","","","","","","","","","","","","","","","","","","","1.37431574003536","1.27747957782748","1.29834889768003","1.08609817039803","","","","","","",
"Sub-Saharan Africa","SSF","Energy intensity level of primary energy (MJ/$2017 PPP GDP)","EG.EGY.PRIM.PP.KD","","","","","","","","","","","","","","","","","","","","","","","","","","","","","","","","","","","","","","","","","","","","","","","","","","","","","","","","","","","","","","",
"Small states","SST","Energy intensity level of primary energy (MJ/$2017 PPP GDP)","EG.EGY.PRIM.PP.KD","","","","","","","","","","","","","","","","","","","","","","","","","","","","","","","","","","","","","","","","","","","","","","","","","","","","","","","","","","","","","","",
"Sao Tome and Principe","STP","Energy intensity level of primary energy (MJ/$2017 PPP GDP)","EG.EGY.PRIM.PP.KD","","","","","","","","","","","","","","","","","","","","","","","","","","","","","","","","","","","","","","","","","4.52","4.38","4.48","4.53","4.64","4.5","4.23","4.12","3.98","4.02","3.98","3.77","3.95","3.85","3.6","3.62","3.58","3.55","3.49","3.47","","",
"Suriname","SUR","Energy intensity level of primary energy (MJ/$2017 PPP GDP)","EG.EGY.PRIM.PP.KD","","","","","","","","","","","","","","","","","","","","","","","","","","","","","","","","","","","","","","","","","4.15","4.29","2.89","2.91","2.96","3.26","2.92","2.64","2.68","2.62","2.96","3.7","3.07","3.66","3.85","3.56","4.14","3.91","3.57","3.97","","",
"Slovak Republic","SVK","Energy intensity level of primary energy (MJ/$2017 PPP GDP)","EG.EGY.PRIM.PP.KD","","","","","","","","","","","","","","","","","","","","","","","","","","","","","","","","","","","","","","","","","8.8","8.93","8.61","8.12","7.6","7.31","6.67","5.76","5.6","5.41","5.45","5.15","4.86","4.91","4.5","4.41","4.35","4.45","4.28","4.11","","",
"Slovenia","SVN","Energy intensity level of primary energy (MJ/$2017 PPP GDP)","EG.EGY.PRIM.PP.KD","","","","","","","","","","","","","","","","","","","","","","","","","","","","","","","","","","","","","","","","","5.23","5.39","5.21","5.14","5.07","5.06","4.77","4.51","4.59","4.45","4.51","4.47","4.4","4.33","4.09","3.95","3.95","3.88","3.67","3.5","","",
"Sweden","SWE","Energy intensity level of primary energy (MJ/$2017 PPP GDP)","EG.EGY.PRIM.PP.KD","","","","","","","","","","","","","","","","","","","","","","","","","","","","","","","","","","","","","","","","","5.54","5.81","5.83","5.57","5.54","5.26","4.9","4.71","4.7","4.5","4.77","4.52","4.59","4.48","4.25","3.76","3.96","3.97","3.97","3.8","","",
"Eswatini","SWZ","Energy intensity level of primary energy (MJ/$2017 PPP GDP)","EG.EGY.PRIM.PP.KD","","","","","","","","","","","","","","","","","","","","","","","","","","","","","","","","","","","","","","","","","6.23","5.98","5.89","5.66","5.45","5.32","5.76","5.64","5.61","5.52","5.22","5.18","5.08","5.39","4.74","4.99","5.28","4.44","4.5","4.67","","",
"Sint Maarten (Dutch part)","SXM","Energy intensity level of primary energy (MJ/$2017 PPP GDP)","EG.EGY.PRIM.PP.KD","","","","","","","","","","","","","","","","","","","","","","","","","","","","","","","","","","","","","","","","","","","","","","","","","","","","","7.94","8.01","8.02","8.18","8.2","8.49","9.01","8.62","","",
"Seychelles","SYC","Energy intensity level of primary energy (MJ/$2017 PPP GDP)","EG.EGY.PRIM.PP.KD","","","","","","","","","","","","","","","","","","","","","","","","","","","","","","","","","","","","","","","","","2.91","3.19","3.24","3.34","3.83","3.51","3.23","3.07","3.24","3.5","3.26","2.75","2.83","2.64","2.8","2.91","3.08","3.06","3.16","3.08","","",
"Syrian Arab Republic","SYR","Energy intensity level of primary energy (MJ/$2017 PPP GDP)","EG.EGY.PRIM.PP.KD","","","","","","","","","","","","","","","","","","","","","","","","","","","","","","","","","","","","","","","","","15.45","15.29","15","15.39","15.04","17.03","16.87","16.71","16.29","14.33","13.96","15.75","12.53","8.73","8.11","10.1","11.28","12.7","11.72","10.5","","",
"Turks and Caicos Islands","TCA","Energy intensity level of primary energy (MJ/$2017 PPP GDP)","EG.EGY.PRIM.PP.KD","","","","","","","","","","","","","","","","","","","","","","","","","","","","","","","","","","","","","","","","","3.38","3.35","4.39","4.15","3.83","3.93","3.84","4.27","4.09","5.26","5.39","5.15","5.2","5.2","5.13","4.75","4.6","5.09","4.92","4.71","","",
"Chad","TCD","Energy intensity level of primary energy (MJ/$2017 PPP GDP)","EG.EGY.PRIM.PP.KD","","","","","","","","","","","","","","","","","","","","","","","","","","","","","","","","","","","","","","","","","8.21","7.51","7.05","6.56","5","4.35","4.4","4.38","4.43","4.37","3.95","4.08","3.62","3.55","3.53","3.31","3.72","3.87","3.85","3.77","","",
"East Asia & Pacific (IDA & IBRD countries)","TEA","Energy intensity level of primary energy (MJ/$2017 PPP GDP)","EG.EGY.PRIM.PP.KD","","","","","","","","","","","","","","","","","","","","","","","","","","","","","","","","","","","","","","","","","","","","","","","","","","","","","","","","","","","","","","",
"Europe & Central Asia (IDA & IBRD countries)","TEC","Energy intensity level of primary energy (MJ/$2017 PPP GDP)","EG.EGY.PRIM.PP.KD","","","","","","","","","","","","","","","","","","","","","","","","","","","","","","","","","","","","","","","","","","","","","","","","","","","","","","","","","","","","","","",
"Togo","TGO","Energy intensity level of primary energy (MJ/$2017 PPP GDP)","EG.EGY.PRIM.PP.KD","","","","","","","","","","","","","","","","","","","","","","","","","","","","","","","","","","","","","","","","","10.56","10.44","10.42","10.31","10.52","11.25","10.94","11.5","11.51","13.27","12.5","11.82","11.06","10.12","9.96","9.17","9.36","8.26","8.48","8.02","","",
"Thailand","THA","Energy intensity level of primary energy (MJ/$2017 PPP GDP)","EG.EGY.PRIM.PP.KD","","","","","","","","","","","","","","","","","","","","","","","","","","","","","","","","","","","","","","","","","4.93","4.9","5.1","5.15","5.24","5.18","5.03","4.95","4.99","5","5.1","5.05","5.05","5.28","5.2","5.07","5.02","4.79","4.5","4.52","","",
"Tajikistan","TJK","Energy intensity level of primary energy (MJ/$2017 PPP GDP)","EG.EGY.PRIM.PP.KD","","","","","","","","","","","","","","","","","","","","","","","","","","","","","","","","","","","","","","","","","10.92","9.84","8.91","8.18","8.02","7.5","7.23","7.17","6.32","5.28","5.06","4.73","4.76","4.45","4.47","4.57","4.8","4.7","4.73","4.84","","",
"Turkmenistan","TKM","Energy intensity level of primary energy (MJ/$2017 PPP GDP)","EG.EGY.PRIM.PP.KD","","","","","","","","","","","","","","","","","","","","","","","","","","","","","","","","","","","","","","","","","29.85","24.27","20.25","27.14","32.57","28.09","26.15","23.34","25.06","20.74","21.67","20.55","19.15","17.83","16.5","16","15.04","14.13","13.33","12.87","","",
"Latin America & the Caribbean (IDA & IBRD countries)","TLA","Energy intensity level of primary energy (MJ/$2017 PPP GDP)","EG.EGY.PRIM.PP.KD","","","","","","","","","","","","","","","","","","","","","","","","","","","","","","","","","","","","","","","","","","","","","","","","","","","","","","","","","","","","","","",
"Timor-Leste","TLS","Energy intensity level of primary energy (MJ/$2017 PPP GDP)","EG.EGY.PRIM.PP.KD","","","","","","","","","","","","","","","","","","","","","","","","","","","","","","","","","","","","","","","","","","","1.7","1.71","1.76","1.69","1.76","1.61","1.52","1.49","1.38","1.33","1.43","1.63","1.86","1.76","1.97","2.24","2.12","2.13","","",
"Middle East & North Africa (IDA & IBRD countries)","TMN","Energy intensity level of primary energy (MJ/$2017 PPP GDP)","EG.EGY.PRIM.PP.KD","","","","","","","","","","","","","","","","","","","","","","","","","","","","","","","","","","","","","","","","","","","","","","","","","","","","","","","","","","","","","","",
"Tonga","TON","Energy intensity level of primary energy (MJ/$2017 PPP GDP)","EG.EGY.PRIM.PP.KD","","","","","","","","","","","","","","","","","","","","","","","","","","","","","","","","","","","","","","","","","2.97","2.64","2.66","3.2","3.11","3.1","3.56","3.17","3.21","3.67","3.1","2.68","2.68","2.79","2.68","2.73","2.77","2.84","2.87","3.42","","",
"South Asia (IDA & IBRD)","TSA","Energy intensity level of primary energy (MJ/$2017 PPP GDP)","EG.EGY.PRIM.PP.KD","","","","","","","","","","","","","","","","","","","","","","","","","","","","","","","","","","","","","","","","","","","","","","","","","","","","","","","","","","","","","","",
"Sub-Saharan Africa (IDA & IBRD countries)","TSS","Energy intensity level of primary energy (MJ/$2017 PPP GDP)","EG.EGY.PRIM.PP.KD","","","","","","","","","","","","","","","","","","","","","","","","","","","","","","","","","","","","","","","","","","","","","","","","","","","","","","","","","","","","","","",
"Trinidad and Tobago","TTO","Energy intensity level of primary energy (MJ/$2017 PPP GDP)","EG.EGY.PRIM.PP.KD","","","","","","","","","","","","","","","","","","","","","","","","","","","","","","","","","","","","","","","","","19.47","20.76","20.78","20.45","19.36","21.26","20.95","21.29","19.97","20.97","21.6","21.57","20.9","20.32","20.98","19.93","18.48","19.21","19.34","19.9","","",
"Tunisia","TUN","Energy intensity level of primary energy (MJ/$2017 PPP GDP)","EG.EGY.PRIM.PP.KD","","","","","","","","","","","","","","","","","","","","","","","","","","","","","","","","","","","","","","","","","4.3","4.37","4.37","4.29","4.26","4.04","4.04","3.91","3.91","3.69","4.01","3.9","3.9","3.87","3.82","3.87","3.88","3.92","3.85","3.75","","",
"Turkiye","TUR","Energy intensity level of primary energy (MJ/$2017 PPP GDP)","EG.EGY.PRIM.PP.KD","","","","","","","","","","","","","","","","","","","","","","","","","","","","","","","","","","","","","","","","","3.27","3.2","3.17","3.18","2.97","2.84","2.94","3.02","2.94","3.08","3.06","2.92","2.92","2.63","2.59","2.65","2.72","2.71","2.59","2.61","","",
"Tuvalu","TUV","Energy intensity level of primary energy (MJ/$2017 PPP GDP)","EG.EGY.PRIM.PP.KD","","","","","","","","","","","","","","","","","","","","","","","","","","","","","","","","","","","","","","","","","3.46","4.19","3.64","3.51","3.44","3.57","4.67","5.23","3.5","4.13","3.88","3.84","3.75","3.26","3.1","2.64","2.56","2.55","2.86","2.61","","",
"Tanzania","TZA","Energy intensity level of primary energy (MJ/$2017 PPP GDP)","EG.EGY.PRIM.PP.KD","","","","","","","","","","","","","","","","","","","","","","","","","","","","","","","","","","","","","","","","","12.29","12.01","11.76","11.46","11.03","10.82","10.51","9.92","9.56","9.31","9.09","8.78","8.48","8.31","7.73","7.46","7.1","6.74","6.49","6.19","","",
"Uganda","UGA","Energy intensity level of primary energy (MJ/$2017 PPP GDP)","EG.EGY.PRIM.PP.KD","","","","","","","","","","","","","","","","","","","","","","","","","","","","","","","","","","","","","","","","","13.37","13.97","13.36","13.08","12.77","12.6","11.89","11.52","11.01","10.76","10.69","10.19","10.19","10.34","10.28","10.24","10.16","10.3","10.17","9.98","","",
"Ukraine","UKR","Energy intensity level of primary energy (MJ/$2017 PPP GDP)","EG.EGY.PRIM.PP.KD","","","","","","","","","","","","","","","","","","","","","","","","","","","","","","","","","","","","","","","","","15.78","14.48","13.91","13.19","11.86","11.44","10.23","9.78","9.24","9.2","10.26","9.3","8.98","8.52","8.29","8.07","7.79","7.42","7.51","6.95","","",
"Upper middle income","UMC","Energy intensity level of primary energy (MJ/$2017 PPP GDP)","EG.EGY.PRIM.PP.KD","","","","","","","","","","","","","","","","","","","","","","","","","","","","","","","","","","","","","","","","","","","","","","","","","","","","","","","","","","","","","","",
"Uruguay","URY","Energy intensity level of primary energy (MJ/$2017 PPP GDP)","EG.EGY.PRIM.PP.KD","","","","","","","","","","","","","","","","","","","","","","","","","","","","","","","","","","","","","","","","","2.7","2.47","2.48","2.48","2.69","2.6","2.7","2.53","3.05","2.89","2.63","2.71","2.79","2.62","2.58","2.75","2.82","2.71","2.79","2.77","","",
"United States","USA","Energy intensity level of primary energy (MJ/$2017 PPP GDP)","EG.EGY.PRIM.PP.KD","","","","","","","","","","","","","","","","","","","","","","","","","","","","","","","","","","","","","","","","","6.73","6.54","6.5","6.33","6.22","6.04","5.82","5.81","5.67","5.53","5.52","5.36","5.15","5.15","5.08","4.88","4.74","4.62","4.61","4.51","","",
"Uzbekistan","UZB","Energy intensity level of primary energy (MJ/$2017 PPP GDP)","EG.EGY.PRIM.PP.KD","","","","","","","","","","","","","","","","","","","","","","","","","","","","","","","","","","","","","","","","","28.2","27.36","27.27","25.32","23.29","20.58","19.78","17.64","16.65","14.07","14.22","13.59","11.04","10.15","8.83","7.86","7.82","7.88","9.05","8.37","","",
"St. Vincent and the Grenadines","VCT","Energy intensity level of primary energy (MJ/$2017 PPP GDP)","EG.EGY.PRIM.PP.KD","","","","","","","","","","","","","","","","","","","","","","","","","","","","","","","","","","","","","","","","","2.43","2.82","2.85","2.79","2.94","2.88","2.65","2.76","2.53","3.27","2.71","2.68","2.76","2.58","2.95","2.72","2.74","2.41","2.67","2.48","","",
"Venezuela, RB","VEN","Energy intensity level of primary energy (MJ/$2017 PPP GDP)","EG.EGY.PRIM.PP.KD","","","","","","","","","","","","","","","","","","","","","","","","","","","","","","","","","","","","","","","","","6.08212707569821","6.08745959433459","7.24908060945083","7.22680843409386","6.50861664057345","5.88795137290256","5.9632336131459","5.07735064160164","5.39372866080764","5.58381819274633","6.30963480621624","5.62295434819513","5.78799850390965","5.37526288713637","5.47351351783036","4.72396108905232","","","","","","",
"British Virgin Islands","VGB","Energy intensity level of primary energy (MJ/$2017 PPP GDP)","EG.EGY.PRIM.PP.KD","","","","","","","","","","","","","","","","","","","","","","","","","","","","","","","","","","","","","","","","","","","","","","","","","","","","","","","","","","","","","","",
"Virgin Islands (U.S.)","VIR","Energy intensity level of primary energy (MJ/$2017 PPP GDP)","EG.EGY.PRIM.PP.KD","","","","","","","","","","","","","","","","","","","","","","","","","","","","","","","","","","","","","","","","","","","","","","","","","","","","","","","","","","","","","","",
"Vietnam","VNM","Energy intensity level of primary energy (MJ/$2017 PPP GDP)","EG.EGY.PRIM.PP.KD","","","","","","","","","","","","","","","","","","","","","","","","","","","","","","","","","","","","","","","","","5.1","5.12","5.25","5.16","5.33","5.25","5.03","5.05","5.11","5.29","5.48","5.17","4.97","4.85","5.12","5.13","4.53","4.38","4.74","4.92","","",
"Vanuatu","VUT","Energy intensity level of primary energy (MJ/$2017 PPP GDP)","EG.EGY.PRIM.PP.KD","","","","","","","","","","","","","","","","","","","","","","","","","","","","","","","","","","","","","","","","","3.66","3.88","3.82","3.78","3.03","2.88","2.48","3.53","3.33","3.71","3.7","3.71","3.45","3.36","4.03","3.61","3.71","3.33","3.8","3.53","","",
"World","WLD","Energy intensity level of primary energy (MJ/$2017 PPP GDP)","EG.EGY.PRIM.PP.KD","","","","","","","","","","","","","","","","","","","","","","","","","","","","","","","7.96436012625594","7.9228255418644","7.81975854571825","7.75442098273522","7.57875832244009","7.51973147830553","7.42314677604316","7.20235101526814","7.07224563293858","6.97833016127038","6.84564376639291","6.74219339732959","6.69194816427397","6.67364813974781","6.62853376404495","6.48670525014103","6.32883587122531","6.13838050682395","6.052444704104","6.02681243254216","6.05138595713899","5.92946418557627","5.84244152994811","","","","","","","","","",
"Samoa","WSM","Energy intensity level of primary energy (MJ/$2017 PPP GDP)","EG.EGY.PRIM.PP.KD","","","","","","","","","","","","","","","","","","","","","","","","","","","","","","","","","","","","","","","","","5.31","4.67","4.48","4.48","4.19","4.12","3.8","3.6","3.31","3.56","3.75","3.59","3.86","3.94","4.11","4.31","4.11","4.17","4.23","4.44","","",
"Kosovo","XKX","Energy intensity level of primary energy (MJ/$2017 PPP GDP)","EG.EGY.PRIM.PP.KD","","","","","","","","","","","","","","","","","","","","","","","","","","","","","","","","","","","","","","","","","8.2068631860262","7.95743080463896","7.97940983764583","7.92672672461152","7.76832951629263","7.11075973240396","6.87589581614815","6.66464840526325","7.03454835151058","7.48019000988917","7.42087016153707","7.18714387503397","6.54857680603895","6.30273266951225","","","","","","","","",
"Yemen, Rep.","YEM","Energy intensity level of primary energy (MJ/$2017 PPP GDP)","EG.EGY.PRIM.PP.KD","","","","","","","","","","","","","","","","","","","","","","","","","","","","","","","","","","","","","","","","","2.82313144699569","3.01647745881584","2.81140074424963","3.01083232982637","3.1607271735328","3.18830418535142","3.30847412421721","3.13324701552274","3.17667599252442","3.38021112081456","3.16545100178826","3.16117741999871","2.79034722411703","3.69355651123639","3.21140525020649","2.05035649130322","","","","","","",
"South Africa","ZAF","Energy intensity level of primary energy (MJ/$2017 PPP GDP)","EG.EGY.PRIM.PP.KD","","","","","","","","","","","","","","","","","","","","","","","","","","","","","","","","","","","","","","","","","10.07","9.48","8.67","9.48","9.88","9.03","8.72","9.01","9.47","9.74","8.83","8.7","8.14","7.88","8.2","7.58","7.91","7.86","7.73","8.03","","",
"Zambia","ZMB","Energy intensity level of primary energy (MJ/$2017 PPP GDP)","EG.EGY.PRIM.PP.KD","","","","","","","","","","","","","","","","","","","","","","","","","","","","","","","","","","","","","","","","","12.77","12.49","12.29","11.81","11.29","10.81","10.18","9.51","9.06","8.47","7.89","7.85","7.65","7.49","7.45","7.41","7.33","7.44","7.35","7.09","","",
"Zimbabwe","ZWE","Energy intensity level of primary energy (MJ/$2017 PPP GDP)","EG.EGY.PRIM.PP.KD","","","","","","","","","","","","","","","","","","","","","","","","","","","","","","","","","","","","","","","","","9.39","9.23","9.96","11.47","11.9","13.24","14.09","14.4","16.34","15","12.71","11.77","10.42","10.48","10.4","10.36","10","9.51","9.83","10.47","","",
